row_number,category,encoded_category
0,Software Engineering Jobs,57
1,Software Engineering Jobs,57
2,Software Engineering Jobs,57
3,Software Engineering Jobs,57
4,Software Engineering Jobs,57
5,Software Engineering Jobs,57
6,Software Engineering Jobs,57
7,Software Engineering Jobs,57
8,Software Engineering Jobs,57
9,Software Engineering Jobs,57
10,Software Engineering Jobs,57
11,Software Engineering Jobs,57
12,Software Engineering Jobs,57
13,Software Engineering Jobs,57
14,Software Engineering Jobs,57
15,Software Engineering Jobs,57
16,Software Engineering Jobs,57
17,Software Engineering Jobs,57
18,Software Engineering Jobs,57
19,Software Engineering Jobs,57
20,Software Engineering Jobs,57
21,Software Engineering Jobs,57
22,Software Engineering Jobs,57
23,Java Jobs,40
24,Java Jobs,40
25,Java Jobs,40
26,Java Jobs,40
27,Java Jobs,40
28,Java Jobs,40
29,Java Jobs,40
30,Java Jobs,40
31,Java Jobs,40
32,Java Jobs,40
33,Java Jobs,40
34,Java Jobs,40
35,Java Jobs,40
36,Java Jobs,40
37,Java Jobs,40
38,Java Jobs,40
39,Java Jobs,40
40,Java Jobs,40
41,Java Jobs,40
42,Java Jobs,40
43,Java Jobs,40
44,Java Jobs,40
45,Java Jobs,40
46,Java Jobs,40
47,Javascript Jobs,85
48,Javascript Jobs,85
49,Javascript Jobs,85
50,Javascript Jobs,85
51,Javascript Jobs,85
52,Javascript Jobs,85
53,Javascript Jobs,85
54,Javascript Jobs,85
55,Javascript Jobs,85
56,Javascript Jobs,85
57,Javascript Jobs,85
58,Javascript Jobs,85
59,Javascript Jobs,85
60,Javascript Jobs,85
61,Javascript Jobs,85
62,Javascript Jobs,85
63,Javascript Jobs,85
64,Javascript Jobs,85
65,Javascript Jobs,85
66,Javascript Jobs,85
67,Javascript Jobs,85
68,Javascript Jobs,85
69,Javascript Jobs,85
70,Javascript Jobs,85
71,Technical Support Jobs,97
72,Technical Support Jobs,97
73,Technical Support Jobs,97
74,Technical Support Jobs,97
75,Technical Support Jobs,97
76,Technical Support Jobs,97
77,Technical Support Jobs,97
78,Technical Support Jobs,97
79,Technical Support Jobs,97
80,Technical Support Jobs,97
81,Technical Support Jobs,97
82,Technical Support Jobs,97
83,Technical Support Jobs,97
84,Technical Support Jobs,97
85,Technical Support Jobs,97
86,Technical Support Jobs,97
87,Technical Support Jobs,97
88,Technical Support Jobs,97
89,Technical Support Jobs,97
90,Technical Support Jobs,97
91,Technical Support Jobs,97
92,Technical Support Jobs,97
93,Technical Support Jobs,97
94,Technical Support Jobs,97
95,Python Jobs,82
96,Python Jobs,82
97,Python Jobs,82
98,Python Jobs,82
99,Python Jobs,82
100,Python Jobs,82
101,Python Jobs,82
102,Python Jobs,82
103,Python Jobs,82
104,Python Jobs,82
105,Python Jobs,82
106,Python Jobs,82
107,Python Jobs,82
108,Python Jobs,82
109,Python Jobs,82
110,Python Jobs,82
111,Python Jobs,82
112,Python Jobs,82
113,Python Jobs,82
114,Python Jobs,82
115,Python Jobs,82
116,Python Jobs,82
117,Python Jobs,82
118,Sql Jobs,113
119,Sql Jobs,113
120,Sql Jobs,113
121,Sql Jobs,113
122,Sql Jobs,113
123,Sql Jobs,113
124,Sql Jobs,113
125,Sql Jobs,113
126,Sql Jobs,113
127,Sql Jobs,113
128,Sql Jobs,113
129,Sql Jobs,113
130,Sql Jobs,113
131,Sql Jobs,113
132,Sql Jobs,113
133,Sql Jobs,113
134,Sql Jobs,113
135,Sql Jobs,113
136,Sql Jobs,113
137,Sql Jobs,113
138,Sql Jobs,113
139,Sql Jobs,113
140,Sql Jobs,113
141,Sql Jobs,113
142,Computer Operator Jobs,4
143,Computer Operator Jobs,4
144,Computer Operator Jobs,4
145,Computer Operator Jobs,4
146,Computer Operator Jobs,4
147,Computer Operator Jobs,4
148,Computer Operator Jobs,4
149,Computer Operator Jobs,4
150,Computer Operator Jobs,4
151,Computer Operator Jobs,4
152,Computer Operator Jobs,4
153,Computer Operator Jobs,4
154,Computer Operator Jobs,4
155,Computer Operator Jobs,4
156,Computer Operator Jobs,4
157,HTML Jobs,41
158,HTML Jobs,41
159,HTML Jobs,41
160,HTML Jobs,41
161,HTML Jobs,41
162,HTML Jobs,41
163,HTML Jobs,41
164,HTML Jobs,41
165,HTML Jobs,41
166,HTML Jobs,41
167,HTML Jobs,41
168,HTML Jobs,41
169,HTML Jobs,41
170,HTML Jobs,41
171,HTML Jobs,41
172,HTML Jobs,41
173,HTML Jobs,41
174,HTML Jobs,41
175,HTML Jobs,41
176,HTML Jobs,41
177,HTML Jobs,41
178,HTML Jobs,41
179,CSS Jobs,1
180,CSS Jobs,1
181,CSS Jobs,1
182,CSS Jobs,1
183,CSS Jobs,1
184,CSS Jobs,1
185,CSS Jobs,1
186,CSS Jobs,1
187,CSS Jobs,1
188,CSS Jobs,1
189,CSS Jobs,1
190,CSS Jobs,1
191,CSS Jobs,1
192,CSS Jobs,1
193,CSS Jobs,1
194,CSS Jobs,1
195,CSS Jobs,1
196,CSS Jobs,1
197,CSS Jobs,1
198,CSS Jobs,1
199,CSS Jobs,1
200,CSS Jobs,1
201,CSS Jobs,1
202,AWS Jobs,0
203,AWS Jobs,0
204,AWS Jobs,0
205,AWS Jobs,0
206,AWS Jobs,0
207,AWS Jobs,0
208,AWS Jobs,0
209,AWS Jobs,0
210,AWS Jobs,0
211,AWS Jobs,0
212,AWS Jobs,0
213,AWS Jobs,0
214,AWS Jobs,0
215,AWS Jobs,0
216,AWS Jobs,0
217,AWS Jobs,0
218,AWS Jobs,0
219,AWS Jobs,0
220,AWS Jobs,0
221,AWS Jobs,0
222,AWS Jobs,0
223,AWS Jobs,0
224,AWS Jobs,0
225,Networking Jobs,60
226,Networking Jobs,60
227,Networking Jobs,60
228,Networking Jobs,60
229,Networking Jobs,60
230,Networking Jobs,60
231,Networking Jobs,60
232,Networking Jobs,60
233,Networking Jobs,60
234,Networking Jobs,60
235,Networking Jobs,60
236,Networking Jobs,60
237,Networking Jobs,60
238,Networking Jobs,60
239,Networking Jobs,60
240,Networking Jobs,60
241,Networking Jobs,60
242,Networking Jobs,60
243,Receptionist Jobs,88
244,Receptionist Jobs,88
245,Receptionist Jobs,88
246,Receptionist Jobs,88
247,Receptionist Jobs,88
248,Receptionist Jobs,88
249,Receptionist Jobs,88
250,Receptionist Jobs,88
251,Receptionist Jobs,88
252,Receptionist Jobs,88
253,Receptionist Jobs,88
254,Receptionist Jobs,88
255,Angular Jobs,55
256,Angular Jobs,55
257,Angular Jobs,55
258,Angular Jobs,55
259,Angular Jobs,55
260,Angular Jobs,55
261,Angular Jobs,55
262,Angular Jobs,55
263,Angular Jobs,55
264,Angular Jobs,55
265,Angular Jobs,55
266,Angular Jobs,55
267,Angular Jobs,55
268,Angular Jobs,55
269,Angular Jobs,55
270,Angular Jobs,55
271,Angular Jobs,55
272,Angular Jobs,55
273,Angular Jobs,55
274,Angular Jobs,55
275,Angular Jobs,55
276,Angular Jobs,55
277,Angular Jobs,55
278,Agile Jobs,117
279,Agile Jobs,117
280,Agile Jobs,117
281,Agile Jobs,117
282,Agile Jobs,117
283,Agile Jobs,117
284,Agile Jobs,117
285,Agile Jobs,117
286,Agile Jobs,117
287,Agile Jobs,117
288,Agile Jobs,117
289,Agile Jobs,117
290,Agile Jobs,117
291,Agile Jobs,117
292,Agile Jobs,117
293,Agile Jobs,117
294,Agile Jobs,117
295,Agile Jobs,117
296,Agile Jobs,117
297,Agile Jobs,117
298,Linux Jobs,119
299,Linux Jobs,119
300,Linux Jobs,119
301,Linux Jobs,119
302,Linux Jobs,119
303,Linux Jobs,119
304,Linux Jobs,119
305,Linux Jobs,119
306,Linux Jobs,119
307,Linux Jobs,119
308,Linux Jobs,119
309,Linux Jobs,119
310,Linux Jobs,119
311,Linux Jobs,119
312,Linux Jobs,119
313,Linux Jobs,119
314,Linux Jobs,119
315,Linux Jobs,119
316,Linux Jobs,119
317,Linux Jobs,119
318,Linux Jobs,119
319,Html5 Jobs,22
320,Html5 Jobs,22
321,Html5 Jobs,22
322,Html5 Jobs,22
323,Html5 Jobs,22
324,Html5 Jobs,22
325,Html5 Jobs,22
326,Html5 Jobs,22
327,Html5 Jobs,22
328,Html5 Jobs,22
329,Html5 Jobs,22
330,Html5 Jobs,22
331,Html5 Jobs,22
332,Html5 Jobs,22
333,Html5 Jobs,22
334,Html5 Jobs,22
335,Html5 Jobs,22
336,Html5 Jobs,22
337,Html5 Jobs,22
338,Html5 Jobs,22
339,Html5 Jobs,22
340,Html5 Jobs,22
341,Html5 Jobs,22
342,Html5 Jobs,22
343,Cloud Jobs,94
344,Cloud Jobs,94
345,Cloud Jobs,94
346,Cloud Jobs,94
347,Cloud Jobs,94
348,Cloud Jobs,94
349,Cloud Jobs,94
350,Cloud Jobs,94
351,Cloud Jobs,94
352,Cloud Jobs,94
353,Cloud Jobs,94
354,Cloud Jobs,94
355,Cloud Jobs,94
356,Cloud Jobs,94
357,Cloud Jobs,94
358,Cloud Jobs,94
359,Cloud Jobs,94
360,Cloud Jobs,94
361,Cloud Jobs,94
362,Cloud Jobs,94
363,Cloud Jobs,94
364,Cloud Jobs,94
365,Cloud Jobs,94
366,Git Jobs,126
367,Git Jobs,126
368,Git Jobs,126
369,Git Jobs,126
370,Git Jobs,126
371,Git Jobs,126
372,Git Jobs,126
373,Git Jobs,126
374,Git Jobs,126
375,Git Jobs,126
376,Git Jobs,126
377,Git Jobs,126
378,Git Jobs,126
379,Git Jobs,126
380,Git Jobs,126
381,Git Jobs,126
382,Git Jobs,126
383,Git Jobs,126
384,Git Jobs,126
385,Git Jobs,126
386,Git Jobs,126
387,Git Jobs,126
388,Git Jobs,126
389,Git Jobs,126
390,Git Jobs,126
391,Azure Jobs,52
392,Azure Jobs,52
393,Azure Jobs,52
394,Azure Jobs,52
395,Azure Jobs,52
396,Azure Jobs,52
397,Azure Jobs,52
398,Azure Jobs,52
399,Azure Jobs,52
400,Azure Jobs,52
401,Azure Jobs,52
402,Azure Jobs,52
403,Azure Jobs,52
404,Azure Jobs,52
405,Azure Jobs,52
406,Azure Jobs,52
407,Azure Jobs,52
408,Azure Jobs,52
409,Azure Jobs,52
410,Azure Jobs,52
411,Azure Jobs,52
412,Azure Jobs,52
413,Azure Jobs,52
414,Azure Jobs,52
415,Technical Support Executive Jobs,16
416,Technical Support Executive Jobs,16
417,Technical Support Executive Jobs,16
418,Technical Support Executive Jobs,16
419,Technical Support Executive Jobs,16
420,Technical Support Executive Jobs,16
421,Technical Support Executive Jobs,16
422,Technical Support Executive Jobs,16
423,Technical Support Executive Jobs,16
424,Technical Support Executive Jobs,16
425,Technical Support Executive Jobs,16
426,Technical Support Executive Jobs,16
427,Technical Support Executive Jobs,16
428,Technical Support Executive Jobs,16
429,Technical Support Executive Jobs,16
430,Technical Support Executive Jobs,16
431,Technical Support Executive Jobs,16
432,Technical Support Executive Jobs,16
433,Kpo Jobs,23
434,Kpo Jobs,23
435,Kpo Jobs,23
436,Kpo Jobs,23
437,Kpo Jobs,23
438,Kpo Jobs,23
439,Kpo Jobs,23
440,Kpo Jobs,23
441,Kpo Jobs,23
442,Kpo Jobs,23
443,Kpo Jobs,23
444,Kpo Jobs,23
445,Kpo Jobs,23
446,Kpo Jobs,23
447,Kpo Jobs,23
448,Kpo Jobs,23
449,Kpo Jobs,23
450,Kpo Jobs,23
451,Kpo Jobs,23
452,Kpo Jobs,23
453,Kpo Jobs,23
454,Testing Jobs,76
455,Testing Jobs,76
456,Testing Jobs,76
457,Testing Jobs,76
458,Testing Jobs,76
459,Testing Jobs,76
460,Testing Jobs,76
461,Testing Jobs,76
462,Testing Jobs,76
463,Testing Jobs,76
464,Testing Jobs,76
465,Testing Jobs,76
466,Testing Jobs,76
467,Testing Jobs,76
468,Testing Jobs,76
469,Testing Jobs,76
470,Testing Jobs,76
471,Testing Jobs,76
472,Testing Jobs,76
473,Testing Jobs,76
474,Testing Jobs,76
475,Testing Jobs,76
476,Testing Jobs,76
477,Spring Jobs,86
478,Spring Jobs,86
479,Spring Jobs,86
480,Spring Jobs,86
481,Spring Jobs,86
482,Spring Jobs,86
483,Spring Jobs,86
484,Spring Jobs,86
485,Spring Jobs,86
486,Spring Jobs,86
487,Spring Jobs,86
488,Spring Jobs,86
489,Spring Jobs,86
490,Spring Jobs,86
491,Spring Jobs,86
492,Spring Jobs,86
493,Spring Jobs,86
494,Spring Jobs,86
495,Spring Jobs,86
496,Spring Jobs,86
497,Spring Jobs,86
498,Spring Jobs,86
499,Spring Jobs,86
500,Spring Jobs,86
501,Spring Jobs,86
502,Software Engineer Jobs,58
503,Software Engineer Jobs,58
504,Software Engineer Jobs,58
505,Software Engineer Jobs,58
506,Software Engineer Jobs,58
507,Software Engineer Jobs,58
508,Software Engineer Jobs,58
509,Software Engineer Jobs,58
510,Software Engineer Jobs,58
511,Software Engineer Jobs,58
512,Software Engineer Jobs,58
513,Software Engineer Jobs,58
514,Software Engineer Jobs,58
515,Software Engineer Jobs,58
516,Software Engineer Jobs,58
517,Software Engineer Jobs,58
518,Software Engineer Jobs,58
519,Software Engineer Jobs,58
520,Software Engineer Jobs,58
521,Software Engineer Jobs,58
522,Software Engineer Jobs,58
523,Devops Jobs,17
524,Devops Jobs,17
525,Devops Jobs,17
526,Devops Jobs,17
527,Devops Jobs,17
528,Devops Jobs,17
529,Devops Jobs,17
530,Devops Jobs,17
531,Devops Jobs,17
532,Devops Jobs,17
533,Devops Jobs,17
534,Devops Jobs,17
535,Devops Jobs,17
536,Devops Jobs,17
537,Devops Jobs,17
538,Devops Jobs,17
539,Devops Jobs,17
540,Devops Jobs,17
541,Devops Jobs,17
542,Devops Jobs,17
543,Devops Jobs,17
544,Devops Jobs,17
545,Devops Jobs,17
546,Devops Jobs,17
547,Devops Jobs,17
548,C++ Jobs,46
549,C++ Jobs,46
550,C++ Jobs,46
551,C++ Jobs,46
552,C++ Jobs,46
553,C++ Jobs,46
554,C++ Jobs,46
555,C++ Jobs,46
556,C++ Jobs,46
557,C++ Jobs,46
558,C++ Jobs,46
559,C++ Jobs,46
560,C++ Jobs,46
561,C++ Jobs,46
562,C++ Jobs,46
563,C++ Jobs,46
564,C++ Jobs,46
565,C++ Jobs,46
566,C++ Jobs,46
567,C++ Jobs,46
568,Mvc Jobs,108
569,Mvc Jobs,108
570,Mvc Jobs,108
571,Mvc Jobs,108
572,Mvc Jobs,108
573,Mvc Jobs,108
574,Mvc Jobs,108
575,Mvc Jobs,108
576,Mvc Jobs,108
577,Mvc Jobs,108
578,Mvc Jobs,108
579,Mvc Jobs,108
580,Mvc Jobs,108
581,Mvc Jobs,108
582,Mvc Jobs,108
583,Mvc Jobs,108
584,Mvc Jobs,108
585,Mvc Jobs,108
586,Mvc Jobs,108
587,Mvc Jobs,108
588,Mvc Jobs,108
589,Mvc Jobs,108
590,Mvc Jobs,108
591,Mvc Jobs,108
592,Oracle Jobs,62
593,Oracle Jobs,62
594,Oracle Jobs,62
595,Oracle Jobs,62
596,Oracle Jobs,62
597,Oracle Jobs,62
598,Oracle Jobs,62
599,Oracle Jobs,62
600,Oracle Jobs,62
601,Oracle Jobs,62
602,Oracle Jobs,62
603,Oracle Jobs,62
604,Oracle Jobs,62
605,Oracle Jobs,62
606,Oracle Jobs,62
607,Oracle Jobs,62
608,Oracle Jobs,62
609,Oracle Jobs,62
610,Oracle Jobs,62
611,Oracle Jobs,62
612,Oracle Jobs,62
613,Oracle Jobs,62
614,Oracle Jobs,62
615,Oracle Jobs,62
616,Oracle Jobs,62
617,Hibernate Jobs,21
618,Hibernate Jobs,21
619,Hibernate Jobs,21
620,Hibernate Jobs,21
621,Hibernate Jobs,21
622,Hibernate Jobs,21
623,Hibernate Jobs,21
624,Hibernate Jobs,21
625,Hibernate Jobs,21
626,Hibernate Jobs,21
627,Hibernate Jobs,21
628,Hibernate Jobs,21
629,Hibernate Jobs,21
630,Hibernate Jobs,21
631,Hibernate Jobs,21
632,Hibernate Jobs,21
633,Hibernate Jobs,21
634,Hibernate Jobs,21
635,Hibernate Jobs,21
636,Hibernate Jobs,21
637,Hibernate Jobs,21
638,Hibernate Jobs,21
639,Hibernate Jobs,21
640,Hibernate Jobs,21
641,Hibernate Jobs,21
642,Php Jobs,74
643,Php Jobs,74
644,Php Jobs,74
645,Php Jobs,74
646,Php Jobs,74
647,Php Jobs,74
648,Php Jobs,74
649,Php Jobs,74
650,Php Jobs,74
651,Php Jobs,74
652,Php Jobs,74
653,Php Jobs,74
654,Php Jobs,74
655,Php Jobs,74
656,Php Jobs,74
657,Php Jobs,74
658,Php Jobs,74
659,Php Jobs,74
660,Php Jobs,74
661,Php Jobs,74
662,Php Jobs,74
663,Php Jobs,74
664,Php Jobs,74
665,Php Jobs,74
666,Php Jobs,74
667,Core Java Jobs,66
668,Core Java Jobs,66
669,Core Java Jobs,66
670,Core Java Jobs,66
671,Core Java Jobs,66
672,Core Java Jobs,66
673,Core Java Jobs,66
674,Core Java Jobs,66
675,Core Java Jobs,66
676,Core Java Jobs,66
677,Core Java Jobs,66
678,Core Java Jobs,66
679,Core Java Jobs,66
680,Core Java Jobs,66
681,Core Java Jobs,66
682,Core Java Jobs,66
683,Core Java Jobs,66
684,Core Java Jobs,66
685,Core Java Jobs,66
686,Core Java Jobs,66
687,Core Java Jobs,66
688,Core Java Jobs,66
689,Core Java Jobs,66
690,Core Java Jobs,66
691,Core Java Jobs,66
692,jQuery Jobs,37
693,jQuery Jobs,37
694,jQuery Jobs,37
695,jQuery Jobs,37
696,jQuery Jobs,37
697,jQuery Jobs,37
698,jQuery Jobs,37
699,jQuery Jobs,37
700,jQuery Jobs,37
701,jQuery Jobs,37
702,jQuery Jobs,37
703,jQuery Jobs,37
704,jQuery Jobs,37
705,jQuery Jobs,37
706,jQuery Jobs,37
707,jQuery Jobs,37
708,jQuery Jobs,37
709,jQuery Jobs,37
710,jQuery Jobs,37
711,jQuery Jobs,37
712,jQuery Jobs,37
713,jQuery Jobs,37
714,jQuery Jobs,37
715,Spring Boot Jobs,70
716,Spring Boot Jobs,70
717,Spring Boot Jobs,70
718,Spring Boot Jobs,70
719,Spring Boot Jobs,70
720,Spring Boot Jobs,70
721,Spring Boot Jobs,70
722,Spring Boot Jobs,70
723,Spring Boot Jobs,70
724,Spring Boot Jobs,70
725,Spring Boot Jobs,70
726,Spring Boot Jobs,70
727,Spring Boot Jobs,70
728,Spring Boot Jobs,70
729,Spring Boot Jobs,70
730,Spring Boot Jobs,70
731,Spring Boot Jobs,70
732,Spring Boot Jobs,70
733,Spring Boot Jobs,70
734,Spring Boot Jobs,70
735,Spring Boot Jobs,70
736,Spring Boot Jobs,70
737,Spring Boot Jobs,70
738,Spring Boot Jobs,70
739,Xml Jobs,43
740,Xml Jobs,43
741,Xml Jobs,43
742,Xml Jobs,43
743,Xml Jobs,43
744,Xml Jobs,43
745,Xml Jobs,43
746,Xml Jobs,43
747,Xml Jobs,43
748,Xml Jobs,43
749,Xml Jobs,43
750,Xml Jobs,43
751,Xml Jobs,43
752,Xml Jobs,43
753,Xml Jobs,43
754,Xml Jobs,43
755,Xml Jobs,43
756,Xml Jobs,43
757,Xml Jobs,43
758,Xml Jobs,43
759,Xml Jobs,43
760,Xml Jobs,43
761,Xml Jobs,43
762,Web Services Jobs,5
763,Web Services Jobs,5
764,Web Services Jobs,5
765,Web Services Jobs,5
766,Web Services Jobs,5
767,Web Services Jobs,5
768,Web Services Jobs,5
769,Web Services Jobs,5
770,Web Services Jobs,5
771,Web Services Jobs,5
772,Web Services Jobs,5
773,Web Services Jobs,5
774,Web Services Jobs,5
775,Web Services Jobs,5
776,Web Services Jobs,5
777,Web Services Jobs,5
778,Web Services Jobs,5
779,Web Services Jobs,5
780,Web Services Jobs,5
781,Web Services Jobs,5
782,Web Services Jobs,5
783,Web Services Jobs,5
784,Web Services Jobs,5
785,Web Services Jobs,5
786,Web Services Jobs,5
787,Technical Recruiter Jobs,45
788,Technical Recruiter Jobs,45
789,Technical Recruiter Jobs,45
790,Technical Recruiter Jobs,45
791,Technical Recruiter Jobs,45
792,Technical Recruiter Jobs,45
793,Technical Recruiter Jobs,45
794,Technical Recruiter Jobs,45
795,Technical Recruiter Jobs,45
796,Technical Recruiter Jobs,45
797,Technical Recruiter Jobs,45
798,Technical Recruiter Jobs,45
799,Technical Recruiter Jobs,45
800,Technical Recruiter Jobs,45
801,Technical Recruiter Jobs,45
802,Technical Recruiter Jobs,45
803,Technical Recruiter Jobs,45
804,Technical Recruiter Jobs,45
805,Technical Recruiter Jobs,45
806,Technical Recruiter Jobs,45
807,Technical Recruiter Jobs,45
808,Technical Recruiter Jobs,45
809,Technical Recruiter Jobs,45
810,Technical Recruiter Jobs,45
811,Technical Recruiter Jobs,45
812,Json Jobs,72
813,Json Jobs,72
814,Json Jobs,72
815,Json Jobs,72
816,Json Jobs,72
817,Json Jobs,72
818,Json Jobs,72
819,Json Jobs,72
820,Json Jobs,72
821,Json Jobs,72
822,Json Jobs,72
823,Json Jobs,72
824,Json Jobs,72
825,Json Jobs,72
826,Json Jobs,72
827,Json Jobs,72
828,Json Jobs,72
829,Json Jobs,72
830,Json Jobs,72
831,Json Jobs,72
832,Json Jobs,72
833,Json Jobs,72
834,Json Jobs,72
835,Json Jobs,72
836,Json Jobs,72
837,Tech Support Jobs,125
838,Tech Support Jobs,125
839,Tech Support Jobs,125
840,Tech Support Jobs,125
841,Tech Support Jobs,125
842,Tech Support Jobs,125
843,Tech Support Jobs,125
844,Tech Support Jobs,125
845,Tech Support Jobs,125
846,Tech Support Jobs,125
847,Tech Support Jobs,125
848,Tech Support Jobs,125
849,Tech Support Jobs,125
850,Tech Support Jobs,125
851,Tech Support Jobs,125
852,Tech Support Jobs,125
853,Tech Support Jobs,125
854,Tech Support Jobs,125
855,Tech Support Jobs,125
856,Tech Support Jobs,125
857,Tech Support Jobs,125
858,Tech Support Jobs,125
859,Tech Support Jobs,125
860,Tech Support Jobs,125
861,Tech Support Jobs,125
862,Tech Support Jobs,125
863,Tech Support Jobs,125
864,Tech Support Jobs,125
865,Tech Support Jobs,125
866,Tech Support Jobs,125
867,Tech Support Jobs,125
868,Tech Support Jobs,125
869,Tech Support Jobs,125
870,Tech Support Jobs,125
871,Tech Support Jobs,125
872,Tech Support Jobs,125
873,SQL Server Jobs,9
874,SQL Server Jobs,9
875,SQL Server Jobs,9
876,SQL Server Jobs,9
877,SQL Server Jobs,9
878,SQL Server Jobs,9
879,SQL Server Jobs,9
880,SQL Server Jobs,9
881,SQL Server Jobs,9
882,SQL Server Jobs,9
883,SQL Server Jobs,9
884,SQL Server Jobs,9
885,SQL Server Jobs,9
886,SQL Server Jobs,9
887,SQL Server Jobs,9
888,SQL Server Jobs,9
889,SQL Server Jobs,9
890,SQL Server Jobs,9
891,SQL Server Jobs,9
892,SQL Server Jobs,9
893,SQL Server Jobs,9
894,SQL Server Jobs,9
895,SQL Server Jobs,9
896,MySQL Jobs,44
897,MySQL Jobs,44
898,MySQL Jobs,44
899,MySQL Jobs,44
900,MySQL Jobs,44
901,MySQL Jobs,44
902,MySQL Jobs,44
903,MySQL Jobs,44
904,MySQL Jobs,44
905,MySQL Jobs,44
906,MySQL Jobs,44
907,MySQL Jobs,44
908,MySQL Jobs,44
909,MySQL Jobs,44
910,MySQL Jobs,44
911,MySQL Jobs,44
912,MySQL Jobs,44
913,MySQL Jobs,44
914,MySQL Jobs,44
915,MySQL Jobs,44
916,MySQL Jobs,44
917,MySQL Jobs,44
918,MySQL Jobs,44
919,MySQL Jobs,44
920,Sales Manager Jobs,83
921,Sales Manager Jobs,83
922,Sales Manager Jobs,83
923,Sales Manager Jobs,83
924,Sales Manager Jobs,83
925,Sales Manager Jobs,83
926,Sales Manager Jobs,83
927,Sales Manager Jobs,83
928,Sales Manager Jobs,83
929,Sales Manager Jobs,83
930,Sales Manager Jobs,83
931,Sales Manager Jobs,83
932,Sales Manager Jobs,83
933,Sales Manager Jobs,83
934,Sales Manager Jobs,83
935,Microservices Jobs,54
936,Microservices Jobs,54
937,Microservices Jobs,54
938,Microservices Jobs,54
939,Microservices Jobs,54
940,Microservices Jobs,54
941,Microservices Jobs,54
942,Microservices Jobs,54
943,Microservices Jobs,54
944,Microservices Jobs,54
945,Microservices Jobs,54
946,Microservices Jobs,54
947,Microservices Jobs,54
948,Microservices Jobs,54
949,Microservices Jobs,54
950,Microservices Jobs,54
951,Microservices Jobs,54
952,Microservices Jobs,54
953,Microservices Jobs,54
954,Microservices Jobs,54
955,Microservices Jobs,54
956,Microservices Jobs,54
957,Microservices Jobs,54
958,Microservices Jobs,54
959,Computer operator Jobs,75
960,Computer operator Jobs,75
961,Computer operator Jobs,75
962,Computer operator Jobs,75
963,Computer operator Jobs,75
964,Computer operator Jobs,75
965,Computer operator Jobs,75
966,Computer operator Jobs,75
967,Computer operator Jobs,75
968,Computer operator Jobs,75
969,Computer operator Jobs,75
970,Computer operator Jobs,75
971,Computer operator Jobs,75
972,Computer operator Jobs,75
973,Computer operator Jobs,75
974,Css3 Jobs,122
975,Css3 Jobs,122
976,Css3 Jobs,122
977,Css3 Jobs,122
978,Css3 Jobs,122
979,Css3 Jobs,122
980,Css3 Jobs,122
981,Css3 Jobs,122
982,Css3 Jobs,122
983,Css3 Jobs,122
984,Css3 Jobs,122
985,Css3 Jobs,122
986,Css3 Jobs,122
987,Css3 Jobs,122
988,Css3 Jobs,122
989,Css3 Jobs,122
990,Css3 Jobs,122
991,Css3 Jobs,122
992,Css3 Jobs,122
993,Css3 Jobs,122
994,Css3 Jobs,122
995,Css3 Jobs,122
996,Css3 Jobs,122
997,Windows Jobs,18
998,Windows Jobs,18
999,Windows Jobs,18
1000,Windows Jobs,18
1001,Windows Jobs,18
1002,Windows Jobs,18
1003,Windows Jobs,18
1004,Windows Jobs,18
1005,Windows Jobs,18
1006,Windows Jobs,18
1007,Windows Jobs,18
1008,Windows Jobs,18
1009,Windows Jobs,18
1010,Windows Jobs,18
1011,Windows Jobs,18
1012,Windows Jobs,18
1013,Windows Jobs,18
1014,Windows Jobs,18
1015,Windows Jobs,18
1016,Windows Jobs,18
1017,Windows Jobs,18
1018,Windows Jobs,18
1019,Windows Jobs,18
1020,Windows Jobs,18
1021,Docker Jobs,120
1022,Docker Jobs,120
1023,Docker Jobs,120
1024,Docker Jobs,120
1025,Docker Jobs,120
1026,Docker Jobs,120
1027,Docker Jobs,120
1028,Docker Jobs,120
1029,Docker Jobs,120
1030,Docker Jobs,120
1031,Docker Jobs,120
1032,Docker Jobs,120
1033,Docker Jobs,120
1034,Docker Jobs,120
1035,Docker Jobs,120
1036,Docker Jobs,120
1037,Docker Jobs,120
1038,Docker Jobs,120
1039,Docker Jobs,120
1040,Docker Jobs,120
1041,Docker Jobs,120
1042,Docker Jobs,120
1043,Docker Jobs,120
1044,Docker Jobs,120
1045,Docker Jobs,120
1046,J2EE Jobs,8
1047,J2EE Jobs,8
1048,J2EE Jobs,8
1049,J2EE Jobs,8
1050,J2EE Jobs,8
1051,J2EE Jobs,8
1052,J2EE Jobs,8
1053,J2EE Jobs,8
1054,J2EE Jobs,8
1055,J2EE Jobs,8
1056,J2EE Jobs,8
1057,J2EE Jobs,8
1058,J2EE Jobs,8
1059,J2EE Jobs,8
1060,J2EE Jobs,8
1061,J2EE Jobs,8
1062,J2EE Jobs,8
1063,J2EE Jobs,8
1064,J2EE Jobs,8
1065,J2EE Jobs,8
1066,J2EE Jobs,8
1067,J2EE Jobs,8
1068,J2EE Jobs,8
1069,J2EE Jobs,8
1070,Desktop Support Jobs,67
1071,Desktop Support Jobs,67
1072,Desktop Support Jobs,67
1073,Desktop Support Jobs,67
1074,Desktop Support Jobs,67
1075,Desktop Support Jobs,67
1076,Desktop Support Jobs,67
1077,Desktop Support Jobs,67
1078,Desktop Support Jobs,67
1079,Desktop Support Jobs,67
1080,Desktop Support Jobs,67
1081,Desktop Support Jobs,67
1082,Desktop Support Jobs,67
1083,Desktop Support Jobs,67
1084,Desktop Support Jobs,67
1085,Desktop Support Jobs,67
1086,Desktop Support Jobs,67
1087,Desktop Support Jobs,67
1088,Desktop Support Jobs,67
1089,Desktop Support Jobs,67
1090,Desktop Support Jobs,67
1091,C Jobs,33
1092,C Jobs,33
1093,C Jobs,33
1094,C Jobs,33
1095,C Jobs,33
1096,C Jobs,33
1097,C Jobs,33
1098,C Jobs,33
1099,C Jobs,33
1100,C Jobs,33
1101,C Jobs,33
1102,C Jobs,33
1103,C Jobs,33
1104,C Jobs,33
1105,C Jobs,33
1106,C Jobs,33
1107,C Jobs,33
1108,C Jobs,33
1109,C Jobs,33
1110,C Jobs,33
1111,Jenkins Jobs,103
1112,Jenkins Jobs,103
1113,Jenkins Jobs,103
1114,Jenkins Jobs,103
1115,Jenkins Jobs,103
1116,Jenkins Jobs,103
1117,Jenkins Jobs,103
1118,Jenkins Jobs,103
1119,Jenkins Jobs,103
1120,Jenkins Jobs,103
1121,Jenkins Jobs,103
1122,Jenkins Jobs,103
1123,Jenkins Jobs,103
1124,Jenkins Jobs,103
1125,Jenkins Jobs,103
1126,Jenkins Jobs,103
1127,Jenkins Jobs,103
1128,Jenkins Jobs,103
1129,Jenkins Jobs,103
1130,Jenkins Jobs,103
1131,Jenkins Jobs,103
1132,Jenkins Jobs,103
1133,Jenkins Jobs,103
1134,Jenkins Jobs,103
1135,Jenkins Jobs,103
1136,Technical Support Engineer Jobs,81
1137,Technical Support Engineer Jobs,81
1138,Technical Support Engineer Jobs,81
1139,Technical Support Engineer Jobs,81
1140,Technical Support Engineer Jobs,81
1141,Technical Support Engineer Jobs,81
1142,Technical Support Engineer Jobs,81
1143,Technical Support Engineer Jobs,81
1144,Technical Support Engineer Jobs,81
1145,Technical Support Engineer Jobs,81
1146,Technical Support Engineer Jobs,81
1147,Technical Support Engineer Jobs,81
1148,Technical Support Engineer Jobs,81
1149,Technical Support Engineer Jobs,81
1150,Technical Support Engineer Jobs,81
1151,Technical Support Engineer Jobs,81
1152,Technical Support Engineer Jobs,81
1153,Technical Support Engineer Jobs,81
1154,Technical Support Engineer Jobs,81
1155,Reactjs Jobs,11
1156,Reactjs Jobs,11
1157,Reactjs Jobs,11
1158,Reactjs Jobs,11
1159,Reactjs Jobs,11
1160,Reactjs Jobs,11
1161,Reactjs Jobs,11
1162,Reactjs Jobs,11
1163,Reactjs Jobs,11
1164,Reactjs Jobs,11
1165,Reactjs Jobs,11
1166,Reactjs Jobs,11
1167,Reactjs Jobs,11
1168,Reactjs Jobs,11
1169,Reactjs Jobs,11
1170,Reactjs Jobs,11
1171,Reactjs Jobs,11
1172,Reactjs Jobs,11
1173,Reactjs Jobs,11
1174,Reactjs Jobs,11
1175,Reactjs Jobs,11
1176,Reactjs Jobs,11
1177,SAP Jobs,128
1178,SAP Jobs,128
1179,SAP Jobs,128
1180,SAP Jobs,128
1181,SAP Jobs,128
1182,SAP Jobs,128
1183,SAP Jobs,128
1184,SAP Jobs,128
1185,SAP Jobs,128
1186,SAP Jobs,128
1187,SAP Jobs,128
1188,SAP Jobs,128
1189,SAP Jobs,128
1190,SAP Jobs,128
1191,SAP Jobs,128
1192,SAP Jobs,128
1193,SAP Jobs,128
1194,SAP Jobs,128
1195,SAP Jobs,128
1196,SAP Jobs,128
1197,SAP Jobs,128
1198,SAP Jobs,128
1199,SAP Jobs,128
1200,SAP Jobs,128
1201,Dns Jobs,101
1202,Dns Jobs,101
1203,Dns Jobs,101
1204,Dns Jobs,101
1205,Dns Jobs,101
1206,Dns Jobs,101
1207,Dns Jobs,101
1208,Dns Jobs,101
1209,Dns Jobs,101
1210,Dns Jobs,101
1211,Dns Jobs,101
1212,Dns Jobs,101
1213,Dns Jobs,101
1214,Dns Jobs,101
1215,Dns Jobs,101
1216,Dns Jobs,101
1217,Dns Jobs,101
1218,Dns Jobs,101
1219,Dns Jobs,101
1220,Dns Jobs,101
1221,Dns Jobs,101
1222,Dns Jobs,101
1223,Dns Jobs,101
1224,Dns Jobs,101
1225,Dns Jobs,101
1226,Coding Jobs,71
1227,Coding Jobs,71
1228,Coding Jobs,71
1229,Coding Jobs,71
1230,Coding Jobs,71
1231,Coding Jobs,71
1232,Coding Jobs,71
1233,Coding Jobs,71
1234,Coding Jobs,71
1235,Coding Jobs,71
1236,Coding Jobs,71
1237,Coding Jobs,71
1238,Coding Jobs,71
1239,Coding Jobs,71
1240,Coding Jobs,71
1241,Coding Jobs,71
1242,Coding Jobs,71
1243,Coding Jobs,71
1244,Coding Jobs,71
1245,Coding Jobs,71
1246,Coding Jobs,71
1247,Coding Jobs,71
1248,Coding Jobs,71
1249,Coding Jobs,71
1250,Kubernetes Jobs,65
1251,Kubernetes Jobs,65
1252,Kubernetes Jobs,65
1253,Kubernetes Jobs,65
1254,Kubernetes Jobs,65
1255,Kubernetes Jobs,65
1256,Kubernetes Jobs,65
1257,Kubernetes Jobs,65
1258,Kubernetes Jobs,65
1259,Kubernetes Jobs,65
1260,Kubernetes Jobs,65
1261,Kubernetes Jobs,65
1262,Kubernetes Jobs,65
1263,Kubernetes Jobs,65
1264,Kubernetes Jobs,65
1265,Kubernetes Jobs,65
1266,Kubernetes Jobs,65
1267,Kubernetes Jobs,65
1268,Kubernetes Jobs,65
1269,Kubernetes Jobs,65
1270,Kubernetes Jobs,65
1271,Kubernetes Jobs,65
1272,Kubernetes Jobs,65
1273,Kubernetes Jobs,65
1274,Kubernetes Jobs,65
1275,Selenium Jobs,59
1276,Selenium Jobs,59
1277,Selenium Jobs,59
1278,Selenium Jobs,59
1279,Selenium Jobs,59
1280,Selenium Jobs,59
1281,Selenium Jobs,59
1282,Selenium Jobs,59
1283,Selenium Jobs,59
1284,Selenium Jobs,59
1285,Selenium Jobs,59
1286,Selenium Jobs,59
1287,Selenium Jobs,59
1288,Selenium Jobs,59
1289,Selenium Jobs,59
1290,Selenium Jobs,59
1291,Selenium Jobs,59
1292,Selenium Jobs,59
1293,Selenium Jobs,59
1294,Selenium Jobs,59
1295,Selenium Jobs,59
1296,Automation Jobs,87
1297,Automation Jobs,87
1298,Automation Jobs,87
1299,Automation Jobs,87
1300,Automation Jobs,87
1301,Automation Jobs,87
1302,Automation Jobs,87
1303,Automation Jobs,87
1304,Automation Jobs,87
1305,Automation Jobs,87
1306,Automation Jobs,87
1307,Automation Jobs,87
1308,Automation Jobs,87
1309,Automation Jobs,87
1310,Automation Jobs,87
1311,Automation Jobs,87
1312,Automation Jobs,87
1313,Automation Jobs,87
1314,Automation Jobs,87
1315,Automation Jobs,87
1316,Automation Jobs,87
1317,Automation Jobs,87
1318,Software Developer Jobs,92
1319,Software Developer Jobs,92
1320,Software Developer Jobs,92
1321,Software Developer Jobs,92
1322,Software Developer Jobs,92
1323,Software Developer Jobs,92
1324,Software Developer Jobs,92
1325,Software Developer Jobs,92
1326,Software Developer Jobs,92
1327,Software Developer Jobs,92
1328,Software Developer Jobs,92
1329,Software Developer Jobs,92
1330,Software Developer Jobs,92
1331,Software Developer Jobs,92
1332,Software Developer Jobs,92
1333,MongoDB Jobs,121
1334,MongoDB Jobs,121
1335,MongoDB Jobs,121
1336,MongoDB Jobs,121
1337,MongoDB Jobs,121
1338,MongoDB Jobs,121
1339,MongoDB Jobs,121
1340,MongoDB Jobs,121
1341,MongoDB Jobs,121
1342,MongoDB Jobs,121
1343,MongoDB Jobs,121
1344,MongoDB Jobs,121
1345,MongoDB Jobs,121
1346,MongoDB Jobs,121
1347,MongoDB Jobs,121
1348,MongoDB Jobs,121
1349,MongoDB Jobs,121
1350,MongoDB Jobs,121
1351,MongoDB Jobs,121
1352,MongoDB Jobs,121
1353,MongoDB Jobs,121
1354,MongoDB Jobs,121
1355,MongoDB Jobs,121
1356,MongoDB Jobs,121
1357,Web Technologies Jobs,35
1358,Web Technologies Jobs,35
1359,Web Technologies Jobs,35
1360,Web Technologies Jobs,35
1361,Web Technologies Jobs,35
1362,Web Technologies Jobs,35
1363,Web Technologies Jobs,35
1364,Web Technologies Jobs,35
1365,Web Technologies Jobs,35
1366,Web Technologies Jobs,35
1367,Web Technologies Jobs,35
1368,Web Technologies Jobs,35
1369,Web Technologies Jobs,35
1370,Web Technologies Jobs,35
1371,Web Technologies Jobs,35
1372,Web Technologies Jobs,35
1373,Web Technologies Jobs,35
1374,Web Technologies Jobs,35
1375,Web Technologies Jobs,35
1376,Web Technologies Jobs,35
1377,Web Technologies Jobs,35
1378,Web Technologies Jobs,35
1379,Web Technologies Jobs,35
1380,Web Technologies Jobs,35
1381,Information Technology Jobs,118
1382,Information Technology Jobs,118
1383,Information Technology Jobs,118
1384,Information Technology Jobs,118
1385,Information Technology Jobs,118
1386,Information Technology Jobs,118
1387,Information Technology Jobs,118
1388,Information Technology Jobs,118
1389,Information Technology Jobs,118
1390,Information Technology Jobs,118
1391,Information Technology Jobs,118
1392,Information Technology Jobs,118
1393,Information Technology Jobs,118
1394,Information Technology Jobs,118
1395,Information Technology Jobs,118
1396,Information Technology Jobs,118
1397,Information Technology Jobs,118
1398,Information Technology Jobs,118
1399,Information Technology Jobs,118
1400,Information Technology Jobs,118
1401,Information Technology Jobs,118
1402,Information Technology Jobs,118
1403,Spark Jobs,34
1404,Spark Jobs,34
1405,Spark Jobs,34
1406,Spark Jobs,34
1407,Spark Jobs,34
1408,Spark Jobs,34
1409,Spark Jobs,34
1410,Spark Jobs,34
1411,Spark Jobs,34
1412,Spark Jobs,34
1413,Spark Jobs,34
1414,Spark Jobs,34
1415,Spark Jobs,34
1416,Spark Jobs,34
1417,Spark Jobs,34
1418,Spark Jobs,34
1419,Spark Jobs,34
1420,Spark Jobs,34
1421,Spark Jobs,34
1422,Spark Jobs,34
1423,Spark Jobs,34
1424,Spark Jobs,34
1425,Spark Jobs,34
1426,Spark Jobs,34
1427,Database Jobs,133
1428,Database Jobs,133
1429,Database Jobs,133
1430,Database Jobs,133
1431,Database Jobs,133
1432,Database Jobs,133
1433,Database Jobs,133
1434,Database Jobs,133
1435,Database Jobs,133
1436,Database Jobs,133
1437,Database Jobs,133
1438,Database Jobs,133
1439,Database Jobs,133
1440,Database Jobs,133
1441,Database Jobs,133
1442,Database Jobs,133
1443,Database Jobs,133
1444,Database Jobs,133
1445,Database Jobs,133
1446,Database Jobs,133
1447,Database Jobs,133
1448,Database Jobs,133
1449,Database Jobs,133
1450,Database Jobs,133
1451,JIRA Jobs,48
1452,JIRA Jobs,48
1453,JIRA Jobs,48
1454,JIRA Jobs,48
1455,JIRA Jobs,48
1456,JIRA Jobs,48
1457,JIRA Jobs,48
1458,JIRA Jobs,48
1459,JIRA Jobs,48
1460,JIRA Jobs,48
1461,JIRA Jobs,48
1462,JIRA Jobs,48
1463,JIRA Jobs,48
1464,JIRA Jobs,48
1465,JIRA Jobs,48
1466,JIRA Jobs,48
1467,JIRA Jobs,48
1468,JIRA Jobs,48
1469,JIRA Jobs,48
1470,JIRA Jobs,48
1471,JIRA Jobs,48
1472,JIRA Jobs,48
1473,Software Development Jobs,131
1474,Software Development Jobs,131
1475,Software Development Jobs,131
1476,Software Development Jobs,131
1477,Software Development Jobs,131
1478,Software Development Jobs,131
1479,Software Development Jobs,131
1480,Software Development Jobs,131
1481,Software Development Jobs,131
1482,Software Development Jobs,131
1483,Software Development Jobs,131
1484,Software Development Jobs,131
1485,Software Development Jobs,131
1486,Software Development Jobs,131
1487,Software Development Jobs,131
1488,Software Development Jobs,131
1489,Software Development Jobs,131
1490,Software Development Jobs,131
1491,Software Development Jobs,131
1492,Software Development Jobs,131
1493,Software Development Jobs,131
1494,Software Development Jobs,131
1495,Software Development Jobs,131
1496,Software Development Jobs,131
1497,technical support Jobs,61
1498,technical support Jobs,61
1499,technical support Jobs,61
1500,technical support Jobs,61
1501,technical support Jobs,61
1502,technical support Jobs,61
1503,technical support Jobs,61
1504,technical support Jobs,61
1505,technical support Jobs,61
1506,technical support Jobs,61
1507,technical support Jobs,61
1508,technical support Jobs,61
1509,technical support Jobs,61
1510,technical support Jobs,61
1511,technical support Jobs,61
1512,technical support Jobs,61
1513,technical support Jobs,61
1514,technical support Jobs,61
1515,technical support Jobs,61
1516,technical support Jobs,61
1517,technical support Jobs,61
1518,technical support Jobs,61
1519,technical support Jobs,61
1520,technical support Jobs,61
1521,Tally Jobs,31
1522,Tally Jobs,31
1523,Tally Jobs,31
1524,Tally Jobs,31
1525,Tally Jobs,31
1526,Tally Jobs,31
1527,Tally Jobs,31
1528,Tally Jobs,31
1529,Tally Jobs,31
1530,Tally Jobs,31
1531,Tally Jobs,31
1532,Tally Jobs,31
1533,Tally Jobs,31
1534,Tally Jobs,31
1535,Tally Jobs,31
1536,Tally Jobs,31
1537,Tally Jobs,31
1538,Tally Jobs,31
1539,Bootstrap Jobs,69
1540,Bootstrap Jobs,69
1541,Bootstrap Jobs,69
1542,Bootstrap Jobs,69
1543,Bootstrap Jobs,69
1544,Bootstrap Jobs,69
1545,Bootstrap Jobs,69
1546,Bootstrap Jobs,69
1547,Bootstrap Jobs,69
1548,Bootstrap Jobs,69
1549,Bootstrap Jobs,69
1550,Bootstrap Jobs,69
1551,Bootstrap Jobs,69
1552,Bootstrap Jobs,69
1553,Bootstrap Jobs,69
1554,Bootstrap Jobs,69
1555,Bootstrap Jobs,69
1556,Bootstrap Jobs,69
1557,Bootstrap Jobs,69
1558,Bootstrap Jobs,69
1559,Bootstrap Jobs,69
1560,Bootstrap Jobs,69
1561,Bootstrap Jobs,69
1562,Bootstrap Jobs,69
1563,Bootstrap Jobs,69
1564,Front End Jobs,56
1565,Front End Jobs,56
1566,Front End Jobs,56
1567,Front End Jobs,56
1568,Front End Jobs,56
1569,Front End Jobs,56
1570,Front End Jobs,56
1571,Front End Jobs,56
1572,Front End Jobs,56
1573,Front End Jobs,56
1574,Front End Jobs,56
1575,Front End Jobs,56
1576,Front End Jobs,56
1577,Front End Jobs,56
1578,Front End Jobs,56
1579,Front End Jobs,56
1580,Front End Jobs,56
1581,Front End Jobs,56
1582,Front End Jobs,56
1583,Front End Jobs,56
1584,Soap Jobs,64
1585,Soap Jobs,64
1586,Soap Jobs,64
1587,Soap Jobs,64
1588,Soap Jobs,64
1589,Soap Jobs,64
1590,Soap Jobs,64
1591,Soap Jobs,64
1592,Soap Jobs,64
1593,Soap Jobs,64
1594,Soap Jobs,64
1595,Soap Jobs,64
1596,Soap Jobs,64
1597,Soap Jobs,64
1598,Soap Jobs,64
1599,Soap Jobs,64
1600,Soap Jobs,64
1601,Soap Jobs,64
1602,Soap Jobs,64
1603,Soap Jobs,64
1604,Soap Jobs,64
1605,Soap Jobs,64
1606,Soap Jobs,64
1607,Soap Jobs,64
1608,Unix Jobs,114
1609,Unix Jobs,114
1610,Unix Jobs,114
1611,Unix Jobs,114
1612,Unix Jobs,114
1613,Unix Jobs,114
1614,Unix Jobs,114
1615,Unix Jobs,114
1616,Unix Jobs,114
1617,Unix Jobs,114
1618,Unix Jobs,114
1619,Unix Jobs,114
1620,Unix Jobs,114
1621,Unix Jobs,114
1622,Unix Jobs,114
1623,Unix Jobs,114
1624,Unix Jobs,114
1625,Unix Jobs,114
1626,Unix Jobs,114
1627,Unix Jobs,114
1628,Unix Jobs,114
1629,Unix Jobs,114
1630,Unix Jobs,114
1631,Unix Jobs,114
1632,Machine Learning Jobs,115
1633,Machine Learning Jobs,115
1634,Machine Learning Jobs,115
1635,Machine Learning Jobs,115
1636,Machine Learning Jobs,115
1637,Machine Learning Jobs,115
1638,Machine Learning Jobs,115
1639,Machine Learning Jobs,115
1640,Machine Learning Jobs,115
1641,Machine Learning Jobs,115
1642,Machine Learning Jobs,115
1643,Machine Learning Jobs,115
1644,Machine Learning Jobs,115
1645,Machine Learning Jobs,115
1646,Machine Learning Jobs,115
1647,Machine Learning Jobs,115
1648,Machine Learning Jobs,115
1649,Machine Learning Jobs,115
1650,Machine Learning Jobs,115
1651,Machine Learning Jobs,115
1652,Machine Learning Jobs,115
1653,Machine Learning Jobs,115
1654,Machine Learning Jobs,115
1655,Program Jobs,36
1656,Program Jobs,36
1657,Program Jobs,36
1658,Program Jobs,36
1659,Program Jobs,36
1660,Program Jobs,36
1661,Program Jobs,36
1662,Program Jobs,36
1663,Program Jobs,36
1664,Program Jobs,36
1665,Program Jobs,36
1666,Program Jobs,36
1667,Program Jobs,36
1668,Program Jobs,36
1669,Program Jobs,36
1670,Program Jobs,36
1671,Program Jobs,36
1672,Program Jobs,36
1673,Program Jobs,36
1674,Program Jobs,36
1675,Program Jobs,36
1676,Program Jobs,36
1677,Angularjs Jobs,80
1678,Angularjs Jobs,80
1679,Angularjs Jobs,80
1680,Angularjs Jobs,80
1681,Angularjs Jobs,80
1682,Angularjs Jobs,80
1683,Angularjs Jobs,80
1684,Angularjs Jobs,80
1685,Angularjs Jobs,80
1686,Angularjs Jobs,80
1687,Angularjs Jobs,80
1688,Angularjs Jobs,80
1689,Angularjs Jobs,80
1690,Angularjs Jobs,80
1691,Angularjs Jobs,80
1692,Angularjs Jobs,80
1693,Angularjs Jobs,80
1694,Angularjs Jobs,80
1695,Angularjs Jobs,80
1696,Angularjs Jobs,80
1697,Angularjs Jobs,80
1698,Angularjs Jobs,80
1699,Angularjs Jobs,80
1700,Sales Executive Jobs,78
1701,Sales Executive Jobs,78
1702,Sales Executive Jobs,78
1703,Sales Executive Jobs,78
1704,Sales Executive Jobs,78
1705,Sales Executive Jobs,78
1706,Sales Executive Jobs,78
1707,Sales Executive Jobs,78
1708,Sales Executive Jobs,78
1709,Sales Executive Jobs,78
1710,Sales Executive Jobs,78
1711,Sales Executive Jobs,78
1712,Sales Executive Jobs,78
1713,Sales Executive Jobs,78
1714,Sales Executive Jobs,78
1715,Sales Executive Jobs,78
1716,SEO Jobs,104
1717,SEO Jobs,104
1718,SEO Jobs,104
1719,SEO Jobs,104
1720,SEO Jobs,104
1721,SEO Jobs,104
1722,SEO Jobs,104
1723,SEO Jobs,104
1724,SEO Jobs,104
1725,SEO Jobs,104
1726,SEO Jobs,104
1727,SEO Jobs,104
1728,SEO Jobs,104
1729,SEO Jobs,104
1730,SEO Jobs,104
1731,SEO Jobs,104
1732,SEO Jobs,104
1733,SEO Jobs,104
1734,SEO Jobs,104
1735,SEO Jobs,104
1736,SEO Jobs,104
1737,SEO Jobs,104
1738,SEO Jobs,104
1739,DHCP Jobs,96
1740,DHCP Jobs,96
1741,DHCP Jobs,96
1742,DHCP Jobs,96
1743,DHCP Jobs,96
1744,DHCP Jobs,96
1745,DHCP Jobs,96
1746,DHCP Jobs,96
1747,DHCP Jobs,96
1748,DHCP Jobs,96
1749,DHCP Jobs,96
1750,DHCP Jobs,96
1751,DHCP Jobs,96
1752,DHCP Jobs,96
1753,DHCP Jobs,96
1754,DHCP Jobs,96
1755,DHCP Jobs,96
1756,DHCP Jobs,96
1757,DHCP Jobs,96
1758,DHCP Jobs,96
1759,DHCP Jobs,96
1760,DHCP Jobs,96
1761,DHCP Jobs,96
1762,DHCP Jobs,96
1763,DHCP Jobs,96
1764,Scrum Jobs,123
1765,Scrum Jobs,123
1766,Scrum Jobs,123
1767,Scrum Jobs,123
1768,Scrum Jobs,123
1769,Scrum Jobs,123
1770,Scrum Jobs,123
1771,Scrum Jobs,123
1772,Scrum Jobs,123
1773,Scrum Jobs,123
1774,Scrum Jobs,123
1775,Scrum Jobs,123
1776,Scrum Jobs,123
1777,Scrum Jobs,123
1778,Scrum Jobs,123
1779,Scrum Jobs,123
1780,Scrum Jobs,123
1781,Scrum Jobs,123
1782,Scrum Jobs,123
1783,Scrum Jobs,123
1784,Scrum Jobs,123
1785,Scrum Jobs,123
1786,Hadoop Jobs,49
1787,Hadoop Jobs,49
1788,Hadoop Jobs,49
1789,Hadoop Jobs,49
1790,Hadoop Jobs,49
1791,Hadoop Jobs,49
1792,Hadoop Jobs,49
1793,Hadoop Jobs,49
1794,Hadoop Jobs,49
1795,Hadoop Jobs,49
1796,Hadoop Jobs,49
1797,Hadoop Jobs,49
1798,Hadoop Jobs,49
1799,Hadoop Jobs,49
1800,Hadoop Jobs,49
1801,Hadoop Jobs,49
1802,Hadoop Jobs,49
1803,Hadoop Jobs,49
1804,Hadoop Jobs,49
1805,Hadoop Jobs,49
1806,Hadoop Jobs,49
1807,Hadoop Jobs,49
1808,Hadoop Jobs,49
1809,Hadoop Jobs,49
1810,REST Jobs,90
1811,REST Jobs,90
1812,REST Jobs,90
1813,REST Jobs,90
1814,REST Jobs,90
1815,REST Jobs,90
1816,REST Jobs,90
1817,REST Jobs,90
1818,REST Jobs,90
1819,REST Jobs,90
1820,REST Jobs,90
1821,REST Jobs,90
1822,REST Jobs,90
1823,REST Jobs,90
1824,REST Jobs,90
1825,REST Jobs,90
1826,REST Jobs,90
1827,REST Jobs,90
1828,REST Jobs,90
1829,REST Jobs,90
1830,REST Jobs,90
1831,REST Jobs,90
1832,REST Jobs,90
1833,REST Jobs,90
1834,REST Jobs,90
1835,Debugging Jobs,98
1836,Debugging Jobs,98
1837,Debugging Jobs,98
1838,Debugging Jobs,98
1839,Debugging Jobs,98
1840,Debugging Jobs,98
1841,Debugging Jobs,98
1842,Debugging Jobs,98
1843,Debugging Jobs,98
1844,Debugging Jobs,98
1845,Debugging Jobs,98
1846,Debugging Jobs,98
1847,Debugging Jobs,98
1848,Debugging Jobs,98
1849,Debugging Jobs,98
1850,Debugging Jobs,98
1851,Debugging Jobs,98
1852,Debugging Jobs,98
1853,Debugging Jobs,98
1854,Debugging Jobs,98
1855,Debugging Jobs,98
1856,Debugging Jobs,98
1857,Debugging Jobs,98
1858,JQuery Jobs,132
1859,JQuery Jobs,132
1860,JQuery Jobs,132
1861,JQuery Jobs,132
1862,JQuery Jobs,132
1863,JQuery Jobs,132
1864,JQuery Jobs,132
1865,JQuery Jobs,132
1866,JQuery Jobs,132
1867,JQuery Jobs,132
1868,JQuery Jobs,132
1869,JQuery Jobs,132
1870,JQuery Jobs,132
1871,JQuery Jobs,132
1872,JQuery Jobs,132
1873,JQuery Jobs,132
1874,JQuery Jobs,132
1875,JQuery Jobs,132
1876,JQuery Jobs,132
1877,JQuery Jobs,132
1878,JQuery Jobs,132
1879,JQuery Jobs,132
1880,JQuery Jobs,132
1881,Performance Tuning Jobs,50
1882,Performance Tuning Jobs,50
1883,Performance Tuning Jobs,50
1884,Performance Tuning Jobs,50
1885,Performance Tuning Jobs,50
1886,Performance Tuning Jobs,50
1887,Performance Tuning Jobs,50
1888,Performance Tuning Jobs,50
1889,Performance Tuning Jobs,50
1890,Performance Tuning Jobs,50
1891,Performance Tuning Jobs,50
1892,Performance Tuning Jobs,50
1893,Performance Tuning Jobs,50
1894,Performance Tuning Jobs,50
1895,Performance Tuning Jobs,50
1896,Performance Tuning Jobs,50
1897,Performance Tuning Jobs,50
1898,Performance Tuning Jobs,50
1899,Performance Tuning Jobs,50
1900,Performance Tuning Jobs,50
1901,Performance Tuning Jobs,50
1902,Performance Tuning Jobs,50
1903,Performance Tuning Jobs,50
1904,Angular Js Jobs,95
1905,Angular Js Jobs,95
1906,Angular Js Jobs,95
1907,Angular Js Jobs,95
1908,Angular Js Jobs,95
1909,Angular Js Jobs,95
1910,Angular Js Jobs,95
1911,Angular Js Jobs,95
1912,Angular Js Jobs,95
1913,Angular Js Jobs,95
1914,Angular Js Jobs,95
1915,Angular Js Jobs,95
1916,Angular Js Jobs,95
1917,Angular Js Jobs,95
1918,Angular Js Jobs,95
1919,Angular Js Jobs,95
1920,Angular Js Jobs,95
1921,Angular Js Jobs,95
1922,Angular Js Jobs,95
1923,Angular Js Jobs,95
1924,Angular Js Jobs,95
1925,Angular Js Jobs,95
1926,Angular Js Jobs,95
1927,Angular Js Jobs,95
1928,Team Leader Jobs,130
1929,Team Leader Jobs,130
1930,Team Leader Jobs,130
1931,Team Leader Jobs,130
1932,Team Leader Jobs,130
1933,Team Leader Jobs,130
1934,Team Leader Jobs,130
1935,Team Leader Jobs,130
1936,Team Leader Jobs,130
1937,Team Leader Jobs,130
1938,Team Leader Jobs,130
1939,Team Leader Jobs,130
1940,Team Leader Jobs,130
1941,Team Leader Jobs,130
1942,Team Leader Jobs,130
1943,Team Leader Jobs,130
1944,Project Manager Jobs,10
1945,Project Manager Jobs,10
1946,Project Manager Jobs,10
1947,Project Manager Jobs,10
1948,Project Manager Jobs,10
1949,Project Manager Jobs,10
1950,Project Manager Jobs,10
1951,Project Manager Jobs,10
1952,Project Manager Jobs,10
1953,Project Manager Jobs,10
1954,Project Manager Jobs,10
1955,Project Manager Jobs,10
1956,Project Manager Jobs,10
1957,Project Manager Jobs,10
1958,Project Manager Jobs,10
1959,Project Manager Jobs,10
1960,Project Manager Jobs,10
1961,Project Manager Jobs,10
1962,Project Manager Jobs,10
1963,Quality Assurance Jobs,15
1964,Quality Assurance Jobs,15
1965,Quality Assurance Jobs,15
1966,Quality Assurance Jobs,15
1967,Quality Assurance Jobs,15
1968,Quality Assurance Jobs,15
1969,Quality Assurance Jobs,15
1970,Quality Assurance Jobs,15
1971,Quality Assurance Jobs,15
1972,Quality Assurance Jobs,15
1973,Quality Assurance Jobs,15
1974,Quality Assurance Jobs,15
1975,Quality Assurance Jobs,15
1976,Quality Assurance Jobs,15
1977,Quality Assurance Jobs,15
1978,Excel Jobs,116
1979,Excel Jobs,116
1980,Excel Jobs,116
1981,Excel Jobs,116
1982,Excel Jobs,116
1983,Excel Jobs,116
1984,Excel Jobs,116
1985,Excel Jobs,116
1986,Excel Jobs,116
1987,Excel Jobs,116
1988,Excel Jobs,116
1989,Excel Jobs,116
1990,Excel Jobs,116
1991,Excel Jobs,116
1992,Excel Jobs,116
1993,Excel Jobs,116
1994,Excel Jobs,116
1995,Excel Jobs,116
1996,Excel Jobs,116
1997,Excel Jobs,116
1998,Excel Jobs,116
1999,Excel Jobs,116
2000,Excel Jobs,116
2001,Excel Jobs,116
2002,Nosql Jobs,6
2003,Nosql Jobs,6
2004,Nosql Jobs,6
2005,Nosql Jobs,6
2006,Nosql Jobs,6
2007,Nosql Jobs,6
2008,Nosql Jobs,6
2009,Nosql Jobs,6
2010,Nosql Jobs,6
2011,Nosql Jobs,6
2012,Nosql Jobs,6
2013,Nosql Jobs,6
2014,Nosql Jobs,6
2015,Nosql Jobs,6
2016,Nosql Jobs,6
2017,Nosql Jobs,6
2018,Nosql Jobs,6
2019,Nosql Jobs,6
2020,Nosql Jobs,6
2021,Nosql Jobs,6
2022,Nosql Jobs,6
2023,Nosql Jobs,6
2024,Nosql Jobs,6
2025,Nosql Jobs,6
2026,Android Jobs,7
2027,Android Jobs,7
2028,Android Jobs,7
2029,Android Jobs,7
2030,Android Jobs,7
2031,Android Jobs,7
2032,Android Jobs,7
2033,Android Jobs,7
2034,Android Jobs,7
2035,Android Jobs,7
2036,Android Jobs,7
2037,Android Jobs,7
2038,Android Jobs,7
2039,Android Jobs,7
2040,Android Jobs,7
2041,Android Jobs,7
2042,Android Jobs,7
2043,Android Jobs,7
2044,Android Jobs,7
2045,Android Jobs,7
2046,Android Jobs,7
2047,Android Jobs,7
2048,Android Jobs,7
2049,Android Jobs,7
2050,Android Jobs,7
2051,Application Development Jobs,47
2052,Application Development Jobs,47
2053,Application Development Jobs,47
2054,Application Development Jobs,47
2055,Application Development Jobs,47
2056,Application Development Jobs,47
2057,Application Development Jobs,47
2058,Application Development Jobs,47
2059,Application Development Jobs,47
2060,Application Development Jobs,47
2061,Application Development Jobs,47
2062,Application Development Jobs,47
2063,Application Development Jobs,47
2064,Application Development Jobs,47
2065,Application Development Jobs,47
2066,Application Development Jobs,47
2067,Application Development Jobs,47
2068,Application Development Jobs,47
2069,Application Development Jobs,47
2070,Application Development Jobs,47
2071,Application Development Jobs,47
2072,Application Development Jobs,47
2073,Application Development Jobs,47
2074,Application Development Jobs,47
2075,Node.js Jobs,24
2076,Node.js Jobs,24
2077,Node.js Jobs,24
2078,Node.js Jobs,24
2079,Node.js Jobs,24
2080,Node.js Jobs,24
2081,Node.js Jobs,24
2082,Node.js Jobs,24
2083,Node.js Jobs,24
2084,Node.js Jobs,24
2085,Node.js Jobs,24
2086,Node.js Jobs,24
2087,Node.js Jobs,24
2088,Node.js Jobs,24
2089,Node.js Jobs,24
2090,Node.js Jobs,24
2091,Node.js Jobs,24
2092,Node.js Jobs,24
2093,Node.js Jobs,24
2094,Node.js Jobs,24
2095,Node.js Jobs,24
2096,Node.js Jobs,24
2097,Reactjs Jobs,11
2098,Reactjs Jobs,11
2099,Reactjs Jobs,11
2100,Reactjs Jobs,11
2101,Reactjs Jobs,11
2102,Reactjs Jobs,11
2103,Reactjs Jobs,11
2104,Reactjs Jobs,11
2105,Reactjs Jobs,11
2106,Reactjs Jobs,11
2107,Reactjs Jobs,11
2108,Reactjs Jobs,11
2109,Reactjs Jobs,11
2110,Reactjs Jobs,11
2111,Reactjs Jobs,11
2112,Reactjs Jobs,11
2113,Reactjs Jobs,11
2114,Reactjs Jobs,11
2115,Reactjs Jobs,11
2116,Reactjs Jobs,11
2117,Reactjs Jobs,11
2118,Sdlc Jobs,38
2119,Sdlc Jobs,38
2120,Sdlc Jobs,38
2121,Sdlc Jobs,38
2122,Sdlc Jobs,38
2123,Sdlc Jobs,38
2124,Sdlc Jobs,38
2125,Sdlc Jobs,38
2126,Sdlc Jobs,38
2127,Sdlc Jobs,38
2128,Sdlc Jobs,38
2129,Sdlc Jobs,38
2130,Sdlc Jobs,38
2131,Sdlc Jobs,38
2132,Sdlc Jobs,38
2133,Sdlc Jobs,38
2134,Sdlc Jobs,38
2135,Sdlc Jobs,38
2136,Sdlc Jobs,38
2137,Sdlc Jobs,38
2138,Sdlc Jobs,38
2139,Sdlc Jobs,38
2140,Sdlc Jobs,38
2141,Sdlc Jobs,38
2142,Erp Jobs,68
2143,Erp Jobs,68
2144,Erp Jobs,68
2145,Erp Jobs,68
2146,Erp Jobs,68
2147,Erp Jobs,68
2148,Erp Jobs,68
2149,Erp Jobs,68
2150,Erp Jobs,68
2151,Erp Jobs,68
2152,Erp Jobs,68
2153,Erp Jobs,68
2154,Erp Jobs,68
2155,Erp Jobs,68
2156,Erp Jobs,68
2157,Erp Jobs,68
2158,Erp Jobs,68
2159,Erp Jobs,68
2160,Erp Jobs,68
2161,Erp Jobs,68
2162,Erp Jobs,68
2163,Erp Jobs,68
2164,Erp Jobs,68
2165,Kafka Jobs,112
2166,Kafka Jobs,112
2167,Kafka Jobs,112
2168,Kafka Jobs,112
2169,Kafka Jobs,112
2170,Kafka Jobs,112
2171,Kafka Jobs,112
2172,Kafka Jobs,112
2173,Kafka Jobs,112
2174,Kafka Jobs,112
2175,Kafka Jobs,112
2176,Kafka Jobs,112
2177,Kafka Jobs,112
2178,Kafka Jobs,112
2179,Kafka Jobs,112
2180,Kafka Jobs,112
2181,Kafka Jobs,112
2182,Kafka Jobs,112
2183,Kafka Jobs,112
2184,Kafka Jobs,112
2185,Kafka Jobs,112
2186,Kafka Jobs,112
2187,Kafka Jobs,112
2188,Kafka Jobs,112
2189,Automation Testing Jobs,127
2190,Automation Testing Jobs,127
2191,Automation Testing Jobs,127
2192,Automation Testing Jobs,127
2193,Automation Testing Jobs,127
2194,Automation Testing Jobs,127
2195,Automation Testing Jobs,127
2196,Automation Testing Jobs,127
2197,Automation Testing Jobs,127
2198,Automation Testing Jobs,127
2199,Automation Testing Jobs,127
2200,Automation Testing Jobs,127
2201,Automation Testing Jobs,127
2202,Automation Testing Jobs,127
2203,Automation Testing Jobs,127
2204,Automation Testing Jobs,127
2205,Automation Testing Jobs,127
2206,Automation Testing Jobs,127
2207,Automation Testing Jobs,127
2208,Automation Testing Jobs,127
2209,Automation Testing Jobs,127
2210,Automation Testing Jobs,127
2211,Search Engine Optimization Jobs,19
2212,Search Engine Optimization Jobs,19
2213,Search Engine Optimization Jobs,19
2214,Search Engine Optimization Jobs,19
2215,Search Engine Optimization Jobs,19
2216,Search Engine Optimization Jobs,19
2217,Search Engine Optimization Jobs,19
2218,Search Engine Optimization Jobs,19
2219,Search Engine Optimization Jobs,19
2220,Search Engine Optimization Jobs,19
2221,Search Engine Optimization Jobs,19
2222,Search Engine Optimization Jobs,19
2223,Search Engine Optimization Jobs,19
2224,Search Engine Optimization Jobs,19
2225,Search Engine Optimization Jobs,19
2226,Search Engine Optimization Jobs,19
2227,Search Engine Optimization Jobs,19
2228,Search Engine Optimization Jobs,19
2229,Search Engine Optimization Jobs,19
2230,Search Engine Optimization Jobs,19
2231,Search Engine Optimization Jobs,19
2232,Search Engine Optimization Jobs,19
2233,Search Engine Optimization Jobs,19
2234,Search Engine Optimization Jobs,19
2235,Search Engine Optimization Jobs,19
2236,Maven Jobs,12
2237,Maven Jobs,12
2238,Maven Jobs,12
2239,Maven Jobs,12
2240,Maven Jobs,12
2241,Maven Jobs,12
2242,Maven Jobs,12
2243,Maven Jobs,12
2244,Maven Jobs,12
2245,Maven Jobs,12
2246,Maven Jobs,12
2247,Maven Jobs,12
2248,Maven Jobs,12
2249,Maven Jobs,12
2250,Maven Jobs,12
2251,Maven Jobs,12
2252,Maven Jobs,12
2253,Maven Jobs,12
2254,Maven Jobs,12
2255,Maven Jobs,12
2256,Maven Jobs,12
2257,Maven Jobs,12
2258,Maven Jobs,12
2259,Big Data Jobs,26
2260,Big Data Jobs,26
2261,Big Data Jobs,26
2262,Big Data Jobs,26
2263,Big Data Jobs,26
2264,Big Data Jobs,26
2265,Big Data Jobs,26
2266,Big Data Jobs,26
2267,Big Data Jobs,26
2268,Big Data Jobs,26
2269,Big Data Jobs,26
2270,Big Data Jobs,26
2271,Big Data Jobs,26
2272,Big Data Jobs,26
2273,Big Data Jobs,26
2274,Big Data Jobs,26
2275,Big Data Jobs,26
2276,Big Data Jobs,26
2277,Big Data Jobs,26
2278,Big Data Jobs,26
2279,Big Data Jobs,26
2280,Big Data Jobs,26
2281,Big Data Jobs,26
2282,Big Data Jobs,26
2283,Big Data Jobs,26
2284,Configuration Jobs,25
2285,Configuration Jobs,25
2286,Configuration Jobs,25
2287,Configuration Jobs,25
2288,Configuration Jobs,25
2289,Configuration Jobs,25
2290,Configuration Jobs,25
2291,Configuration Jobs,25
2292,Configuration Jobs,25
2293,Configuration Jobs,25
2294,Configuration Jobs,25
2295,Configuration Jobs,25
2296,Configuration Jobs,25
2297,Configuration Jobs,25
2298,Configuration Jobs,25
2299,Configuration Jobs,25
2300,Configuration Jobs,25
2301,Configuration Jobs,25
2302,Configuration Jobs,25
2303,Configuration Jobs,25
2304,Configuration Jobs,25
2305,Configuration Jobs,25
2306,Configuration Jobs,25
2307,Configuration Jobs,25
2308,Configuration Jobs,25
2309,Perl Jobs,102
2310,Perl Jobs,102
2311,Perl Jobs,102
2312,Perl Jobs,102
2313,Perl Jobs,102
2314,Perl Jobs,102
2315,Perl Jobs,102
2316,Perl Jobs,102
2317,Perl Jobs,102
2318,Perl Jobs,102
2319,Perl Jobs,102
2320,Perl Jobs,102
2321,Perl Jobs,102
2322,Perl Jobs,102
2323,Perl Jobs,102
2324,Perl Jobs,102
2325,Perl Jobs,102
2326,Perl Jobs,102
2327,Perl Jobs,102
2328,Perl Jobs,102
2329,Perl Jobs,102
2330,Perl Jobs,102
2331,Perl Jobs,102
2332,Perl Jobs,102
2333,Perl Jobs,102
2334,Production Engineer Jobs,30
2335,Production Engineer Jobs,30
2336,Production Engineer Jobs,30
2337,Production Engineer Jobs,30
2338,Production Engineer Jobs,30
2339,Production Engineer Jobs,30
2340,Production Engineer Jobs,30
2341,Production Engineer Jobs,30
2342,Production Engineer Jobs,30
2343,Production Engineer Jobs,30
2344,Production Engineer Jobs,30
2345,Production Engineer Jobs,30
2346,Production Engineer Jobs,30
2347,Production Engineer Jobs,30
2348,Production Engineer Jobs,30
2349,Production Engineer Jobs,30
2350,Production Engineer Jobs,30
2351,Production Engineer Jobs,30
2352,Production Engineer Jobs,30
2353,Production Engineer Jobs,30
2354,Production Engineer Jobs,30
2355,Production Engineer Jobs,30
2356,Production Engineer Jobs,30
2357,Production Engineer Jobs,30
2358,Qa Jobs,91
2359,Qa Jobs,91
2360,Qa Jobs,91
2361,Qa Jobs,91
2362,Qa Jobs,91
2363,Qa Jobs,91
2364,Qa Jobs,91
2365,Qa Jobs,91
2366,Qa Jobs,91
2367,Qa Jobs,91
2368,Qa Jobs,91
2369,Qa Jobs,91
2370,Qa Jobs,91
2371,Qa Jobs,91
2372,Qa Jobs,91
2373,Qa Jobs,91
2374,Qa Jobs,91
2375,Qa Jobs,91
2376,Qa Jobs,91
2377,Vmware Jobs,2
2378,Vmware Jobs,2
2379,Vmware Jobs,2
2380,Vmware Jobs,2
2381,Vmware Jobs,2
2382,Vmware Jobs,2
2383,Vmware Jobs,2
2384,Vmware Jobs,2
2385,Vmware Jobs,2
2386,Vmware Jobs,2
2387,Vmware Jobs,2
2388,Vmware Jobs,2
2389,Vmware Jobs,2
2390,Vmware Jobs,2
2391,Vmware Jobs,2
2392,Vmware Jobs,2
2393,Vmware Jobs,2
2394,Vmware Jobs,2
2395,Vmware Jobs,2
2396,Vmware Jobs,2
2397,Vmware Jobs,2
2398,Vmware Jobs,2
2399,Vmware Jobs,2
2400,Vmware Jobs,2
2401,Ms Office Jobs,27
2402,Ms Office Jobs,27
2403,Ms Office Jobs,27
2404,Ms Office Jobs,27
2405,Ms Office Jobs,27
2406,Ms Office Jobs,27
2407,Ms Office Jobs,27
2408,Ms Office Jobs,27
2409,Ms Office Jobs,27
2410,Ms Office Jobs,27
2411,Ms Office Jobs,27
2412,Ms Office Jobs,27
2413,Ms Office Jobs,27
2414,Ms Office Jobs,27
2415,Nodejs Jobs,29
2416,Nodejs Jobs,29
2417,Nodejs Jobs,29
2418,Nodejs Jobs,29
2419,Nodejs Jobs,29
2420,Nodejs Jobs,29
2421,Nodejs Jobs,29
2422,Nodejs Jobs,29
2423,Nodejs Jobs,29
2424,Nodejs Jobs,29
2425,Nodejs Jobs,29
2426,Nodejs Jobs,29
2427,Nodejs Jobs,29
2428,Nodejs Jobs,29
2429,Nodejs Jobs,29
2430,Nodejs Jobs,29
2431,Nodejs Jobs,29
2432,Nodejs Jobs,29
2433,Nodejs Jobs,29
2434,Nodejs Jobs,29
2435,Nodejs Jobs,29
2436,Nodejs Jobs,29
2437,Nodejs Jobs,29
2438,Nodejs Jobs,29
2439,Nodejs Jobs,29
2440,Unit Testing Jobs,39
2441,Unit Testing Jobs,39
2442,Unit Testing Jobs,39
2443,Unit Testing Jobs,39
2444,Unit Testing Jobs,39
2445,Unit Testing Jobs,39
2446,Unit Testing Jobs,39
2447,Unit Testing Jobs,39
2448,Unit Testing Jobs,39
2449,Unit Testing Jobs,39
2450,Unit Testing Jobs,39
2451,Unit Testing Jobs,39
2452,Unit Testing Jobs,39
2453,Unit Testing Jobs,39
2454,Unit Testing Jobs,39
2455,Unit Testing Jobs,39
2456,Unit Testing Jobs,39
2457,Unit Testing Jobs,39
2458,Unit Testing Jobs,39
2459,Unit Testing Jobs,39
2460,Unit Testing Jobs,39
2461,Unit Testing Jobs,39
2462,Unit Testing Jobs,39
2463,Unit Testing Jobs,39
2464,Unit Testing Jobs,39
2465,Scala Jobs,124
2466,Scala Jobs,124
2467,Scala Jobs,124
2468,Scala Jobs,124
2469,Scala Jobs,124
2470,Scala Jobs,124
2471,Scala Jobs,124
2472,Scala Jobs,124
2473,Scala Jobs,124
2474,Scala Jobs,124
2475,Scala Jobs,124
2476,Scala Jobs,124
2477,Scala Jobs,124
2478,Scala Jobs,124
2479,Scala Jobs,124
2480,Scala Jobs,124
2481,Scala Jobs,124
2482,Scala Jobs,124
2483,Scala Jobs,124
2484,Scala Jobs,124
2485,Scala Jobs,124
2486,Scala Jobs,124
2487,Scala Jobs,124
2488,Etl Jobs,77
2489,Etl Jobs,77
2490,Etl Jobs,77
2491,Etl Jobs,77
2492,Etl Jobs,77
2493,Etl Jobs,77
2494,Etl Jobs,77
2495,Etl Jobs,77
2496,Etl Jobs,77
2497,Etl Jobs,77
2498,Etl Jobs,77
2499,Etl Jobs,77
2500,Etl Jobs,77
2501,Etl Jobs,77
2502,Etl Jobs,77
2503,Etl Jobs,77
2504,Etl Jobs,77
2505,Etl Jobs,77
2506,Etl Jobs,77
2507,Etl Jobs,77
2508,Etl Jobs,77
2509,Etl Jobs,77
2510,Etl Jobs,77
2511,Manual Testing Jobs,109
2512,Manual Testing Jobs,109
2513,Manual Testing Jobs,109
2514,Manual Testing Jobs,109
2515,Manual Testing Jobs,109
2516,Manual Testing Jobs,109
2517,Manual Testing Jobs,109
2518,Manual Testing Jobs,109
2519,Manual Testing Jobs,109
2520,Manual Testing Jobs,109
2521,Manual Testing Jobs,109
2522,Manual Testing Jobs,109
2523,Manual Testing Jobs,109
2524,Manual Testing Jobs,109
2525,Manual Testing Jobs,109
2526,Manual Testing Jobs,109
2527,Manual Testing Jobs,109
2528,Manual Testing Jobs,109
2529,Manual Testing Jobs,109
2530,Manual Testing Jobs,109
2531,Manual Testing Jobs,109
2532,Manual Testing Jobs,109
2533,Manual Testing Jobs,109
2534,Manual Testing Jobs,109
2535,Operations Executive Jobs,99
2536,Operations Executive Jobs,99
2537,Operations Executive Jobs,99
2538,Operations Executive Jobs,99
2539,Operations Executive Jobs,99
2540,Operations Executive Jobs,99
2541,Operations Executive Jobs,99
2542,Operations Executive Jobs,99
2543,Operations Executive Jobs,99
2544,Operations Executive Jobs,99
2545,Operations Executive Jobs,99
2546,Operations Executive Jobs,99
2547,Operations Executive Jobs,99
2548,Operations Executive Jobs,99
2549,Operations Executive Jobs,99
2550,Operations Executive Jobs,99
2551,Operations Executive Jobs,99
2552,Operations Executive Jobs,99
2553,Operations Executive Jobs,99
2554,Operations Executive Jobs,99
2555,Operations Executive Jobs,99
2556,Operations Executive Jobs,99
2557,Ios Jobs,53
2558,Ios Jobs,53
2559,Ios Jobs,53
2560,Ios Jobs,53
2561,Ios Jobs,53
2562,Ios Jobs,53
2563,Ios Jobs,53
2564,Ios Jobs,53
2565,Ios Jobs,53
2566,Ios Jobs,53
2567,Ios Jobs,53
2568,Ios Jobs,53
2569,Ios Jobs,53
2570,Ios Jobs,53
2571,Ios Jobs,53
2572,Ios Jobs,53
2573,Ios Jobs,53
2574,Ios Jobs,53
2575,Ios Jobs,53
2576,Ios Jobs,53
2577,Ios Jobs,53
2578,Ios Jobs,53
2579,Ios Jobs,53
2580,Ios Jobs,53
2581,Api Jobs,28
2582,Api Jobs,28
2583,Api Jobs,28
2584,Api Jobs,28
2585,Api Jobs,28
2586,Api Jobs,28
2587,Api Jobs,28
2588,Api Jobs,28
2589,Api Jobs,28
2590,Api Jobs,28
2591,Api Jobs,28
2592,Api Jobs,28
2593,Api Jobs,28
2594,Api Jobs,28
2595,Api Jobs,28
2596,Api Jobs,28
2597,Api Jobs,28
2598,Api Jobs,28
2599,Api Jobs,28
2600,Api Jobs,28
2601,Api Jobs,28
2602,Api Jobs,28
2603,Api Jobs,28
2604,Api Jobs,28
2605,ASP.NET Jobs,111
2606,ASP.NET Jobs,111
2607,ASP.NET Jobs,111
2608,ASP.NET Jobs,111
2609,ASP.NET Jobs,111
2610,ASP.NET Jobs,111
2611,ASP.NET Jobs,111
2612,ASP.NET Jobs,111
2613,ASP.NET Jobs,111
2614,ASP.NET Jobs,111
2615,ASP.NET Jobs,111
2616,ASP.NET Jobs,111
2617,ASP.NET Jobs,111
2618,ASP.NET Jobs,111
2619,ASP.NET Jobs,111
2620,ASP.NET Jobs,111
2621,ASP.NET Jobs,111
2622,ASP.NET Jobs,111
2623,ASP.NET Jobs,111
2624,ASP.NET Jobs,111
2625,Web Api Jobs,100
2626,Web Api Jobs,100
2627,Web Api Jobs,100
2628,Web Api Jobs,100
2629,Web Api Jobs,100
2630,Web Api Jobs,100
2631,Web Api Jobs,100
2632,Web Api Jobs,100
2633,Web Api Jobs,100
2634,Web Api Jobs,100
2635,Web Api Jobs,100
2636,Web Api Jobs,100
2637,Web Api Jobs,100
2638,Web Api Jobs,100
2639,Web Api Jobs,100
2640,Web Api Jobs,100
2641,Web Api Jobs,100
2642,Web Api Jobs,100
2643,Web Api Jobs,100
2644,Web Api Jobs,100
2645,Web Api Jobs,100
2646,Web Api Jobs,100
2647,Web Api Jobs,100
2648,Design Patterns Jobs,79
2649,Design Patterns Jobs,79
2650,Design Patterns Jobs,79
2651,Design Patterns Jobs,79
2652,Design Patterns Jobs,79
2653,Design Patterns Jobs,79
2654,Design Patterns Jobs,79
2655,Design Patterns Jobs,79
2656,Design Patterns Jobs,79
2657,Design Patterns Jobs,79
2658,Design Patterns Jobs,79
2659,Design Patterns Jobs,79
2660,Design Patterns Jobs,79
2661,Design Patterns Jobs,79
2662,Design Patterns Jobs,79
2663,Design Patterns Jobs,79
2664,Design Patterns Jobs,79
2665,Design Patterns Jobs,79
2666,Design Patterns Jobs,79
2667,Design Patterns Jobs,79
2668,Design Patterns Jobs,79
2669,Design Patterns Jobs,79
2670,Design Patterns Jobs,79
2671,Design Patterns Jobs,79
2672,It Helpdesk Jobs,110
2673,It Helpdesk Jobs,110
2674,It Helpdesk Jobs,110
2675,It Helpdesk Jobs,110
2676,It Helpdesk Jobs,110
2677,It Helpdesk Jobs,110
2678,It Helpdesk Jobs,110
2679,It Helpdesk Jobs,110
2680,It Helpdesk Jobs,110
2681,It Helpdesk Jobs,110
2682,It Helpdesk Jobs,110
2683,It Helpdesk Jobs,110
2684,It Helpdesk Jobs,110
2685,It Helpdesk Jobs,110
2686,It Helpdesk Jobs,110
2687,It Helpdesk Jobs,110
2688,It Helpdesk Jobs,110
2689,It Helpdesk Jobs,110
2690,It Helpdesk Jobs,110
2691,It Helpdesk Jobs,110
2692,It Helpdesk Jobs,110
2693,It Helpdesk Jobs,110
2694,It Helpdesk Jobs,110
2695,Reactjs Jobs,11
2696,Reactjs Jobs,11
2697,Reactjs Jobs,11
2698,Reactjs Jobs,11
2699,Reactjs Jobs,11
2700,Reactjs Jobs,11
2701,Reactjs Jobs,11
2702,Reactjs Jobs,11
2703,Reactjs Jobs,11
2704,Reactjs Jobs,11
2705,Reactjs Jobs,11
2706,Reactjs Jobs,11
2707,Reactjs Jobs,11
2708,Reactjs Jobs,11
2709,Reactjs Jobs,11
2710,Reactjs Jobs,11
2711,Reactjs Jobs,11
2712,Reactjs Jobs,11
2713,Reactjs Jobs,11
2714,Reactjs Jobs,11
2715,Reactjs Jobs,11
2716,Reactjs Jobs,11
2717,Reactjs Jobs,11
2718,Reactjs Jobs,11
2719,Reactjs Jobs,11
2720,Sql Database Jobs,63
2721,Sql Database Jobs,63
2722,Sql Database Jobs,63
2723,Sql Database Jobs,63
2724,Sql Database Jobs,63
2725,Sql Database Jobs,63
2726,Sql Database Jobs,63
2727,Sql Database Jobs,63
2728,Sql Database Jobs,63
2729,Sql Database Jobs,63
2730,Sql Database Jobs,63
2731,Sql Database Jobs,63
2732,Sql Database Jobs,63
2733,Sql Database Jobs,63
2734,Sql Database Jobs,63
2735,Sql Database Jobs,63
2736,Sql Database Jobs,63
2737,Sql Database Jobs,63
2738,Sql Database Jobs,63
2739,Sql Database Jobs,63
2740,Sql Database Jobs,63
2741,Sql Database Jobs,63
2742,Sql Database Jobs,63
2743,Sql Database Jobs,63
2744,AJAX Jobs,51
2745,AJAX Jobs,51
2746,AJAX Jobs,51
2747,AJAX Jobs,51
2748,AJAX Jobs,51
2749,AJAX Jobs,51
2750,AJAX Jobs,51
2751,AJAX Jobs,51
2752,AJAX Jobs,51
2753,AJAX Jobs,51
2754,AJAX Jobs,51
2755,AJAX Jobs,51
2756,AJAX Jobs,51
2757,AJAX Jobs,51
2758,AJAX Jobs,51
2759,AJAX Jobs,51
2760,AJAX Jobs,51
2761,AJAX Jobs,51
2762,AJAX Jobs,51
2763,AJAX Jobs,51
2764,AJAX Jobs,51
2765,AJAX Jobs,51
2766,AJAX Jobs,51
2767,AJAX Jobs,51
2768,AJAX Jobs,51
2769,Rest Api Jobs,20
2770,Rest Api Jobs,20
2771,Rest Api Jobs,20
2772,Rest Api Jobs,20
2773,Rest Api Jobs,20
2774,Rest Api Jobs,20
2775,Rest Api Jobs,20
2776,Rest Api Jobs,20
2777,Rest Api Jobs,20
2778,Rest Api Jobs,20
2779,Rest Api Jobs,20
2780,Rest Api Jobs,20
2781,Rest Api Jobs,20
2782,Rest Api Jobs,20
2783,Rest Api Jobs,20
2784,Rest Api Jobs,20
2785,Rest Api Jobs,20
2786,Rest Api Jobs,20
2787,Rest Api Jobs,20
2788,Rest Api Jobs,20
2789,Rest Api Jobs,20
2790,Rest Api Jobs,20
2791,Rest Api Jobs,20
2792,Rest Api Jobs,20
2793,Rest Api Jobs,20
2794,Exchange Server Jobs,93
2795,Exchange Server Jobs,93
2796,Exchange Server Jobs,93
2797,Exchange Server Jobs,93
2798,Exchange Server Jobs,93
2799,Exchange Server Jobs,93
2800,Exchange Server Jobs,93
2801,Exchange Server Jobs,93
2802,Exchange Server Jobs,93
2803,Exchange Server Jobs,93
2804,Exchange Server Jobs,93
2805,Exchange Server Jobs,93
2806,Exchange Server Jobs,93
2807,Exchange Server Jobs,93
2808,Exchange Server Jobs,93
2809,Exchange Server Jobs,93
2810,Exchange Server Jobs,93
2811,Exchange Server Jobs,93
2812,Exchange Server Jobs,93
2813,Exchange Server Jobs,93
2814,Exchange Server Jobs,93
2815,Exchange Server Jobs,93
2816,Exchange Server Jobs,93
2817,Exchange Server Jobs,93
2818,Exchange Server Jobs,93
2819,RDBMS Jobs,105
2820,RDBMS Jobs,105
2821,RDBMS Jobs,105
2822,RDBMS Jobs,105
2823,RDBMS Jobs,105
2824,RDBMS Jobs,105
2825,RDBMS Jobs,105
2826,RDBMS Jobs,105
2827,RDBMS Jobs,105
2828,RDBMS Jobs,105
2829,RDBMS Jobs,105
2830,RDBMS Jobs,105
2831,RDBMS Jobs,105
2832,RDBMS Jobs,105
2833,RDBMS Jobs,105
2834,RDBMS Jobs,105
2835,RDBMS Jobs,105
2836,RDBMS Jobs,105
2837,RDBMS Jobs,105
2838,RDBMS Jobs,105
2839,RDBMS Jobs,105
2840,RDBMS Jobs,105
2841,RDBMS Jobs,105
2842,RDBMS Jobs,105
2843,RDBMS Jobs,105
2844,Manufacturing Engineer Jobs,129
2845,Manufacturing Engineer Jobs,129
2846,Manufacturing Engineer Jobs,129
2847,Manufacturing Engineer Jobs,129
2848,Manufacturing Engineer Jobs,129
2849,Manufacturing Engineer Jobs,129
2850,Manufacturing Engineer Jobs,129
2851,Manufacturing Engineer Jobs,129
2852,Manufacturing Engineer Jobs,129
2853,Manufacturing Engineer Jobs,129
2854,Manufacturing Engineer Jobs,129
2855,Manufacturing Engineer Jobs,129
2856,Manufacturing Engineer Jobs,129
2857,Manufacturing Engineer Jobs,129
2858,Manufacturing Engineer Jobs,129
2859,Manufacturing Engineer Jobs,129
2860,Manufacturing Engineer Jobs,129
2861,Manufacturing Engineer Jobs,129
2862,Manufacturing Engineer Jobs,129
2863,Manufacturing Engineer Jobs,129
2864,Manufacturing Engineer Jobs,129
2865,Manufacturing Engineer Jobs,129
2866,Manufacturing Engineer Jobs,129
2867,Manufacturing Engineer Jobs,129
2868,Manufacturing Engineer Jobs,129
2869,Data Science Jobs,106
2870,Data Science Jobs,106
2871,Data Science Jobs,106
2872,Data Science Jobs,106
2873,Data Science Jobs,106
2874,Data Science Jobs,106
2875,Data Science Jobs,106
2876,Data Science Jobs,106
2877,Data Science Jobs,106
2878,Data Science Jobs,106
2879,Data Science Jobs,106
2880,Data Science Jobs,106
2881,Data Science Jobs,106
2882,Data Science Jobs,106
2883,Data Science Jobs,106
2884,Data Science Jobs,106
2885,Data Science Jobs,106
2886,Data Science Jobs,106
2887,Data Science Jobs,106
2888,Data Science Jobs,106
2889,Data Science Jobs,106
2890,Data Science Jobs,106
2891,Data Science Jobs,106
2892,Data Science Jobs,106
2893,Data Science Jobs,106
2894,Financial Services Jobs,89
2895,Financial Services Jobs,89
2896,Financial Services Jobs,89
2897,Financial Services Jobs,89
2898,Financial Services Jobs,89
2899,Financial Services Jobs,89
2900,Financial Services Jobs,89
2901,Financial Services Jobs,89
2902,Financial Services Jobs,89
2903,Financial Services Jobs,89
2904,Financial Services Jobs,89
2905,Financial Services Jobs,89
2906,Financial Services Jobs,89
2907,Financial Services Jobs,89
2908,Financial Services Jobs,89
2909,Financial Services Jobs,89
2910,Financial Services Jobs,89
2911,Financial Services Jobs,89
2912,Data Analyst Jobs,3
2913,Data Analyst Jobs,3
2914,Data Analyst Jobs,3
2915,Data Analyst Jobs,3
2916,Data Analyst Jobs,3
2917,Data Analyst Jobs,3
2918,Data Analyst Jobs,3
2919,Data Analyst Jobs,3
2920,Data Analyst Jobs,3
2921,Data Analyst Jobs,3
2922,Data Analyst Jobs,3
2923,Data Analyst Jobs,3
2924,Data Analyst Jobs,3
2925,Data Analyst Jobs,3
2926,Data Analyst Jobs,3
2927,Data Analyst Jobs,3
2928,Data Analyst Jobs,3
2929,Data Analyst Jobs,3
2930,Data Analyst Jobs,3
2931,Data Analyst Jobs,3
2932,Data Analyst Jobs,3
2933,Data Analyst Jobs,3
2934,BPO Fresher Jobs,42
2935,BPO Fresher Jobs,42
2936,BPO Fresher Jobs,42
2937,BPO Fresher Jobs,42
2938,BPO Fresher Jobs,42
2939,BPO Fresher Jobs,42
2940,BPO Fresher Jobs,42
2941,BPO Fresher Jobs,42
2942,BPO Fresher Jobs,42
2943,BPO Fresher Jobs,42
2944,Budgeting Jobs,32
2945,Budgeting Jobs,32
2946,Budgeting Jobs,32
2947,Budgeting Jobs,32
2948,Budgeting Jobs,32
2949,Budgeting Jobs,32
2950,Budgeting Jobs,32
2951,Budgeting Jobs,32
2952,Budgeting Jobs,32
2953,Budgeting Jobs,32
2954,Budgeting Jobs,32
2955,Budgeting Jobs,32
2956,Budgeting Jobs,32
2957,Budgeting Jobs,32
2958,Budgeting Jobs,32
2959,Budgeting Jobs,32
2960,Budgeting Jobs,32
2961,Budgeting Jobs,32
2962,Budgeting Jobs,32
2963,Budgeting Jobs,32
2964,Budgeting Jobs,32
2965,Budgeting Jobs,32
2966,Assistant Sales Manager Jobs,107
2967,Assistant Sales Manager Jobs,107
2968,Assistant Sales Manager Jobs,107
2969,Assistant Sales Manager Jobs,107
2970,Assistant Sales Manager Jobs,107
2971,Assistant Sales Manager Jobs,107
2972,Assistant Sales Manager Jobs,107
2973,Assistant Sales Manager Jobs,107
2974,Assistant Sales Manager Jobs,107
2975,Assistant Sales Manager Jobs,107
2976,Microbiology Jobs,73
2977,Microbiology Jobs,73
2978,Microbiology Jobs,73
2979,Microbiology Jobs,73
2980,Microbiology Jobs,73
2981,Microbiology Jobs,73
2982,Microbiology Jobs,73
2983,Microbiology Jobs,73
2984,Microbiology Jobs,73
2985,Microbiology Jobs,73
2986,Microbiology Jobs,73
2987,Microbiology Jobs,73
2988,Microbiology Jobs,73
2989,Microbiology Jobs,73
2990,Microbiology Jobs,73
2991,Microbiology Jobs,73
2992,Microbiology Jobs,73
2993,Microbiology Jobs,73
2994,Microbiology Jobs,73
2995,Microbiology Jobs,73
2996,Microbiology Jobs,73
2997,Microbiology Jobs,73
2998,Microbiology Jobs,73
2999,Microbiology Jobs,73
3000,Microbiology Jobs,73
3001,Content Writing Jobs,84
3002,Content Writing Jobs,84
3003,Content Writing Jobs,84
3004,Content Writing Jobs,84
3005,Content Writing Jobs,84
3006,Content Writing Jobs,84
3007,Content Writing Jobs,84
3008,Content Writing Jobs,84
3009,Content Writing Jobs,84
3010,Content Writing Jobs,84
3011,Content Writing Jobs,84
3012,Content Writing Jobs,84
3013,Content Writing Jobs,84
3014,Content Writing Jobs,84
3015,Content Writing Jobs,84
3016,Content Writing Jobs,84
3017,Content Writing Jobs,84
3018,Content Writing Jobs,84
3019,Content Writing Jobs,84
3020,Content Writing Jobs,84
3021,Content Writing Jobs,84
3022,Content Writing Jobs,84
